ORDERNUMBER,PRODUCTCODE,QUANTITYORDERED,PRICEEACH,SALES,ORDERDATE,STATUS,PRODUCTLINE,MSRP,year,DISCOUNT,LOGIC_DISCOUNT
10362,S24_1578,50,96.92,4846.0,2005-01-05,Shipped,Motorcycles,112,2005,0.025,94.497
10363,S12_1099,33,85.39,2817.87,2005-01-06,Shipped,Classic Cars,194,2005,0.025,83.25525
10363,S12_3380,34,96.73,3288.82,2005-01-06,Shipped,Classic Cars,117,2005,0.025,94.31175
10363,S12_3990,34,81.62,2775.08,2005-01-06,Shipped,Classic Cars,79,2005,0.025,79.57950000000001
10363,S12_4675,46,88.45,4068.7,2005-01-06,Shipped,Classic Cars,115,2005,0.025,86.23875
10363,S18_3278,46,60.3,2773.8,2005-01-06,Shipped,Classic Cars,80,2005,0.025,58.7925
10363,S18_3782,32,89.12,2851.84,2005-01-06,Shipped,Motorcycles,62,2005,0.025,86.89200000000001
10363,S24_2360,43,61.23,2632.89,2005-01-06,Shipped,Motorcycles,69,2005,0.025,59.69925
10363,S24_3856,31,94.58,2931.98,2005-01-06,Shipped,Classic Cars,140,2005,0.025,92.21549999999999
10364,S32_2206,48,48.28,2317.44,2005-01-06,Shipped,Motorcycles,40,2005,0.025,47.073
10367,S18_1589,49,56.3,2758.7,2005-01-12,Resolved,Classic Cars,124,2005,0.025,54.8925
10367,S18_2795,32,94.79,3033.28,2005-01-12,Resolved,Vintage Cars,168,2005,0.025,92.42025000000001
10367,S18_4409,43,62.72,2696.96,2005-01-12,Resolved,Vintage Cars,92,2005,0.025,61.152
10367,S18_4933,44,85.25,3751.0,2005-01-12,Resolved,Classic Cars,71,2005,0.025,83.11875
10367,S24_1628,38,38.5,1463.0,2005-01-12,Resolved,Classic Cars,50,2005,0.025,37.5375
10368,S24_3191,46,79.62,3662.52,2005-01-19,Shipped,Classic Cars,85,2005,0.025,77.62950000000001
10368,S24_3969,46,37.34,1717.64,2005-01-19,Shipped,Vintage Cars,41,2005,0.025,36.4065
10369,S18_1367,32,98.63,3156.16,2005-01-20,Shipped,Vintage Cars,53,2005,0.025,96.16425
10369,S18_3320,45,73.08,3288.6,2005-01-20,Shipped,Vintage Cars,99,2005,0.025,71.253
10369,S24_4258,40,86.92,3476.8,2005-01-20,Shipped,Vintage Cars,97,2005,0.025,84.747
10370,S10_4962,35,65.63,2297.05,2005-01-20,Shipped,Classic Cars,147,2005,0.025,63.98925
10371,S12_4473,49,35.71,1749.79,2005-01-23,Shipped,Trucks and Buses,118,2005,0.025,34.81725
10371,S50_1392,48,56.55,2714.4,2005-01-23,Shipped,Trucks and Buses,115,2005,0.025,55.13625
10372,S18_4522,41,86.89,3562.49,2005-01-26,Shipped,Vintage Cars,87,2005,0.025,84.71775
10373,S18_3856,50,60.49,3024.5,2005-01-31,Shipped,Vintage Cars,105,2005,0.025,58.97775
10373,S24_3151,33,57.32,1891.56,2005-01-31,Shipped,Vintage Cars,88,2005,0.025,55.887
10373,S24_3420,46,66.0,3036.0,2005-01-31,Shipped,Vintage Cars,65,2005,0.025,64.35
10375,S12_1099,45,76.0,3420.0,2005-02-03,Shipped,Classic Cars,194,2005,0.025,74.1
10375,S12_2823,49,78.92,3867.08,2005-02-03,Shipped,Motorcycles,150,2005,0.025,76.947
10375,S32_4289,44,82.26,3619.44,2005-02-03,Shipped,Vintage Cars,68,2005,0.025,80.2035
10375,S50_1341,49,65.8,3224.2,2005-02-03,Shipped,Vintage Cars,43,2005,0.025,64.155
10377,S18_1889,31,67.76,2100.56,2005-02-09,Shipped,Classic Cars,77,2005,0.025,66.066
10378,S18_1589,34,42.64,1449.76,2005-02-10,Shipped,Classic Cars,124,2005,0.025,41.574
10378,S18_3482,43,96.49,4149.07,2005-02-10,Shipped,Classic Cars,146,2005,0.025,94.07775
10378,S18_4721,49,67.14,3289.86,2005-02-10,Shipped,Classic Cars,148,2005,0.025,65.4615
10378,S24_3371,46,41.54,1910.84,2005-02-10,Shipped,Classic Cars,61,2005,0.025,40.5015
10378,S24_3856,33,53.27,1757.91,2005-02-10,Shipped,Classic Cars,140,2005,0.025,51.938250000000004
10378,S32_2206,40,82.46,3298.4,2005-02-10,Shipped,Motorcycles,40,2005,0.025,80.3985
10379,S18_3685,32,70.83,2266.56,2005-02-10,Shipped,Classic Cars,141,2005,0.025,69.05924999999999
10380,S24_1937,32,70.56,2257.92,2005-02-16,Shipped,Vintage Cars,33,2005,0.025,68.796
10380,S24_2766,36,37.5,1350.0,2005-02-16,Shipped,Classic Cars,90,2005,0.025,36.5625
10380,S24_2887,44,36.29,1596.76,2005-02-16,Shipped,Classic Cars,117,2005,0.025,35.38275
10380,S24_3191,44,79.06,3478.64,2005-02-16,Shipped,Classic Cars,85,2005,0.025,77.0835
10380,S24_3969,43,95.03,4086.29,2005-02-16,Shipped,Vintage Cars,41,2005,0.025,92.65425
10381,S18_1097,48,98.0,4704.0,2005-02-17,Shipped,Trucks and Buses,116,2005,0.025,95.55
10381,S18_2432,35,48.62,1701.7,2005-02-17,Shipped,Trucks and Buses,60,2005,0.025,47.4045
10381,S18_2957,40,68.08,2723.2,2005-02-17,Shipped,Vintage Cars,62,2005,0.025,66.378
10382,S12_3891,34,95.35,3241.9,2005-02-17,Shipped,Classic Cars,173,2005,0.025,92.96624999999999
10382,S12_4473,32,66.58,2130.56,2005-02-17,Shipped,Trucks and Buses,118,2005,0.025,64.9155
10382,S700_2824,34,54.84,1864.56,2005-02-17,Shipped,Classic Cars,101,2005,0.025,53.469
10383,S32_2509,32,53.18,1701.76,2005-02-22,Shipped,Trucks and Buses,54,2005,0.025,51.8505
10384,S24_3151,43,97.87,4208.41,2005-02-23,Shipped,Vintage Cars,88,2005,0.025,95.42325000000001
10385,S24_3816,37,85.54,3164.98,2005-02-28,Shipped,Vintage Cars,83,2005,0.025,83.40150000000001
10386,S24_3420,35,63.76,2231.6,2005-03-01,Resolved,Vintage Cars,65,2005,0.025,62.166
10387,S32_1374,44,94.9,4175.6,2005-03-02,Shipped,Motorcycles,99,2005,0.025,92.5275
10388,S10_1678,42,76.36,3207.12,2005-03-03,Shipped,Motorcycles,95,2005,0.025,74.451
10388,S10_2016,50,44.51,2225.5,2005-03-03,Shipped,Motorcycles,118,2005,0.025,43.39725
10389,S12_3990,36,70.26,2529.36,2005-03-03,Shipped,Classic Cars,79,2005,0.025,68.5035
10389,S18_1889,49,79.22,3881.78,2005-03-03,Shipped,Classic Cars,77,2005,0.025,77.23949999999999
10389,S24_2000,49,81.4,3988.6,2005-03-03,Shipped,Motorcycles,76,2005,0.025,79.36500000000001
10390,S18_1129,36,93.77,3375.72,2005-03-04,Shipped,Classic Cars,141,2005,0.025,91.42575
10390,S18_1984,34,43.05,1463.7,2005-03-04,Shipped,Classic Cars,142,2005,0.025,41.973749999999995
10390,S18_2325,31,98.99,3068.69,2005-03-04,Shipped,Vintage Cars,127,2005,0.025,96.51525
10390,S24_2360,35,65.13,2279.55,2005-03-04,Shipped,Motorcycles,69,2005,0.025,63.501749999999994
10390,S24_3371,46,52.84,2430.64,2005-03-04,Shipped,Classic Cars,61,2005,0.025,51.519000000000005
10390,S32_2206,41,44.56,1826.96,2005-03-04,Shipped,Motorcycles,40,2005,0.025,43.446000000000005
10390,S32_4485,45,48.98,2204.1,2005-03-04,Shipped,Motorcycles,102,2005,0.025,47.7555
10391,S10_4962,37,46.9,1735.3,2005-03-09,Shipped,Classic Cars,147,2005,0.025,45.7275
10391,S12_1666,39,63.2,2464.8,2005-03-09,Shipped,Trucks and Buses,136,2005,0.025,61.620000000000005
10391,S18_2432,44,38.5,1694.0,2005-03-09,Shipped,Trucks and Buses,60,2005,0.025,37.5375
10391,S18_2949,32,45.25,1448.0,2005-03-09,Shipped,Vintage Cars,101,2005,0.025,44.11875
10392,S18_2957,37,59.96,2218.52,2005-03-10,Shipped,Vintage Cars,62,2005,0.025,58.461
10394,S24_1444,31,50.29,1558.99,2005-03-15,Shipped,Classic Cars,57,2005,0.025,49.03275
10394,S24_2840,46,38.9,1789.4,2005-03-15,Shipped,Classic Cars,35,2005,0.025,37.9275
10394,S32_2509,36,62.77,2259.72,2005-03-15,Shipped,Trucks and Buses,54,2005,0.025,61.20075
10395,S12_1108,33,69.12,2280.96,2005-03-17,Shipped,Classic Cars,207,2005,0.025,67.39200000000001
10396,S24_3816,37,90.57,3351.09,2005-03-23,Shipped,Vintage Cars,83,2005,0.025,88.30574999999999
10398,S24_3420,34,71.67,2436.78,2005-03-30,Shipped,Vintage Cars,65,2005,0.025,69.87825000000001
10398,S50_1341,49,36.66,1796.34,2005-03-30,Shipped,Vintage Cars,43,2005,0.025,35.7435
10400,S24_3420,38,57.2,2173.6,2005-04-01,Shipped,Vintage Cars,65,2005,0.025,55.77
10400,S24_3816,42,72.96,3064.32,2005-04-01,Shipped,Vintage Cars,83,2005,0.025,71.136
10401,S32_4289,62,77.73,4819.26,2005-04-03,On Hold,Vintage Cars,68,2005,0.04,74.6208
10401,S50_1341,56,35.35,1979.6,2005-04-03,On Hold,Vintage Cars,43,2005,0.025,34.46625
10402,S18_2625,55,55.72,3064.6,2005-04-07,Shipped,Motorcycles,60,2005,0.025,54.327
10402,S24_2000,59,87.6,5168.4,2005-04-07,Shipped,Motorcycles,76,2005,0.025,85.41
10403,S18_3782,36,52.22,1879.92,2005-04-08,Shipped,Motorcycles,62,2005,0.025,50.9145
10403,S50_4713,31,68.34,2118.54,2005-04-08,Shipped,Motorcycles,81,2005,0.025,66.6315
10405,S12_4675,97,93.28,9048.16,2005-04-14,Shipped,Classic Cars,115,2005,0.06,87.6832
10405,S18_1889,61,73.92,4509.12,2005-04-14,Shipped,Classic Cars,77,2005,0.04,70.9632
10405,S24_2972,47,44.56,2094.32,2005-04-14,Shipped,Classic Cars,37,2005,0.025,43.446000000000005
10407,S18_2248,42,72.65,3051.3,2005-04-22,On Hold,Vintage Cars,60,2005,0.025,70.83375000000001
10407,S18_4933,66,66.99,4421.34,2005-04-22,On Hold,Classic Cars,71,2005,0.04,64.3104
10407,S24_1628,64,40.25,2576.0,2005-04-22,On Hold,Classic Cars,50,2005,0.04,38.64
10407,S24_2766,76,94.5,7182.0,2005-04-22,On Hold,Classic Cars,90,2005,0.04,90.72
10407,S24_2887,59,98.65,5820.35,2005-04-22,On Hold,Classic Cars,117,2005,0.025,96.18375
10407,S24_3432,43,86.73,3729.39,2005-04-22,On Hold,Classic Cars,107,2005,0.025,84.56175
10409,S24_1937,61,29.54,1801.94,2005-04-23,Shipped,Vintage Cars,33,2005,0.04,28.3584
10411,S18_4668,35,59.87,2095.45,2005-05-01,Shipped,Vintage Cars,50,2005,0.025,58.37325
10412,S18_2319,56,98.18,5498.08,2005-05-03,Shipped,Trucks and Buses,122,2005,0.025,95.72550000000001
10412,S18_2432,47,61.99,2913.53,2005-05-03,Shipped,Trucks and Buses,60,2005,0.025,60.44025
10414,S24_3816,51,76.31,3891.81,2005-05-06,On Hold,Vintage Cars,83,2005,0.025,74.40225000000001
10416,S24_2000,32,87.6,2803.2,2005-05-10,Shipped,Motorcycles,76,2005,0.025,85.41
10416,S50_1341,37,51.93,1921.41,2005-05-10,Shipped,Vintage Cars,43,2005,0.025,50.63175
10417,S18_2625,36,61.18,2202.48,2005-05-13,Disputed,Motorcycles,60,2005,0.025,59.6505
10419,S12_3990,34,90.17,3065.78,2005-05-17,Shipped,Classic Cars,79,2005,0.025,87.91575
10419,S18_1889,39,83.93,3273.27,2005-05-17,Shipped,Classic Cars,77,2005,0.025,81.83175
10419,S24_3371,55,52.66,2896.3,2005-05-17,Shipped,Classic Cars,61,2005,0.025,51.3435
10420,S18_2248,36,63.57,2288.52,2005-05-29,In Process,Vintage Cars,60,2005,0.025,61.98075
10420,S18_4409,66,92.95,6134.7,2005-05-29,In Process,Vintage Cars,92,2005,0.04,89.232
10420,S18_4933,36,57.73,2078.28,2005-05-29,In Process,Classic Cars,71,2005,0.025,56.28675
10420,S24_1046,60,64.67,3880.2,2005-05-29,In Process,Classic Cars,73,2005,0.025,63.05325
10420,S24_1628,37,60.37,2233.69,2005-05-29,In Process,Classic Cars,50,2005,0.025,58.860749999999996
10420,S24_1937,45,26.88,1209.6,2005-05-29,In Process,Vintage Cars,33,2005,0.025,26.208
10420,S24_2887,55,96.3,5296.5,2005-05-29,In Process,Classic Cars,117,2005,0.025,93.8925
10420,S24_3191,35,96.74,3385.9,2005-05-29,In Process,Classic Cars,85,2005,0.025,94.3215
10421,S24_2022,40,45.7,1828.0,2005-05-29,In Process,Vintage Cars,44,2005,0.025,44.557500000000005
10422,S18_1342,51,95.55,4873.05,2005-05-30,In Process,Vintage Cars,102,2005,0.025,93.16125
10423,S18_2957,31,53.72,1665.32,2005-05-30,In Process,Vintage Cars,62,2005,0.025,52.376999999999995
10424,S32_3522,44,61.41,2702.04,2005-05-31,In Process,Trucks and Buses,64,2005,0.025,59.87475
10424,S700_2824,46,80.92,3722.32,2005-05-31,In Process,Classic Cars,101,2005,0.025,78.897
10425,S18_2319,38,99.41,3777.58,2005-05-31,In Process,Trucks and Buses,122,2005,0.025,96.92475
10425,S24_1444,55,46.82,2575.1,2005-05-31,In Process,Classic Cars,57,2005,0.025,45.6495
10425,S24_2840,31,33.24,1030.44,2005-05-31,In Process,Classic Cars,35,2005,0.025,32.409
10425,S32_1268,41,86.68,3553.88,2005-05-31,In Process,Trucks and Buses,96,2005,0.025,84.513
10208,S18_4522,45,87.77,3949.65,2004-01-02,Shipped,Vintage Cars,87,2004,0.025,85.57575
10209,S24_3420,36,77.59,2793.24,2004-01-09,Shipped,Vintage Cars,65,2004,0.025,75.65025
10210,S18_2625,40,49.67,1986.8,2004-01-12,Shipped,Motorcycles,60,2004,0.025,48.42825
10210,S32_1374,46,79.91,3675.86,2004-01-12,Shipped,Motorcycles,99,2004,0.025,77.91225
10210,S32_4289,39,59.16,2307.24,2004-01-12,Shipped,Vintage Cars,68,2004,0.025,57.681
10210,S50_1341,43,41.02,1763.86,2004-01-12,Shipped,Vintage Cars,43,2004,0.025,39.9945
10211,S18_3278,35,78.0,2730.0,2004-01-15,Shipped,Classic Cars,80,2004,0.025,76.05
10211,S18_3782,46,54.09,2488.14,2004-01-15,Shipped,Motorcycles,62,2004,0.025,52.737750000000005
10211,S24_3371,48,48.98,2351.04,2004-01-15,Shipped,Classic Cars,61,2004,0.025,47.7555
10211,S32_2206,41,42.24,1731.84,2004-01-15,Shipped,Motorcycles,40,2004,0.025,41.184000000000005
10211,S50_4713,40,80.55,3222.0,2004-01-15,Shipped,Motorcycles,81,2004,0.025,78.53625
10212,S24_1046,41,82.31,3374.71,2004-01-16,Shipped,Classic Cars,73,2004,0.025,80.25225
10212,S24_1628,45,53.33,2399.85,2004-01-16,Shipped,Classic Cars,50,2004,0.025,51.99675
10212,S24_2766,45,88.14,3966.3,2004-01-16,Shipped,Classic Cars,90,2004,0.025,85.9365
10212,S24_2972,34,43.42,1476.28,2004-01-16,Shipped,Classic Cars,37,2004,0.025,42.3345
10212,S24_3432,46,87.81,4039.26,2004-01-16,Shipped,Classic Cars,107,2004,0.025,85.61475
10213,S18_4409,38,94.79,3602.02,2004-01-22,Shipped,Vintage Cars,92,2004,0.025,92.42025000000001
10214,S24_2022,49,47.94,2349.06,2004-01-26,Shipped,Vintage Cars,44,2004,0.025,46.741499999999995
10214,S24_3969,44,34.88,1534.72,2004-01-26,Shipped,Vintage Cars,41,2004,0.025,34.008
10215,S18_1367,33,43.13,1423.29,2004-01-29,Shipped,Vintage Cars,53,2004,0.025,42.051750000000006
10215,S18_2957,31,58.71,1820.01,2004-01-29,Shipped,Vintage Cars,62,2004,0.025,57.24225
10215,S18_4668,46,45.28,2082.88,2004-01-29,Shipped,Vintage Cars,50,2004,0.025,44.148
10215,S24_4258,39,90.57,3532.23,2004-01-29,Shipped,Vintage Cars,97,2004,0.025,88.30574999999999
10217,S18_2432,35,61.38,2148.3,2004-02-04,Shipped,Trucks and Buses,60,2004,0.025,59.8455
10217,S32_3522,39,62.05,2419.95,2004-02-04,Shipped,Trucks and Buses,64,2004,0.025,60.498749999999994
10217,S700_2824,31,88.0,2728.0,2004-02-04,Shipped,Classic Cars,101,2004,0.025,85.8
10219,S32_2509,35,55.19,1931.65,2004-02-10,Shipped,Trucks and Buses,54,2004,0.025,53.810249999999996
10221,S18_4522,39,89.53,3491.67,2004-02-18,Shipped,Vintage Cars,87,2004,0.025,87.29175000000001
10222,S18_3856,45,85.75,3858.75,2004-02-19,Shipped,Vintage Cars,105,2004,0.025,83.60625
10222,S24_3151,47,70.81,3328.07,2004-02-19,Shipped,Vintage Cars,88,2004,0.025,69.03975
10222,S24_3420,43,70.35,3025.05,2004-02-19,Shipped,Vintage Cars,65,2004,0.025,68.59124999999999
10222,S24_3816,46,80.51,3703.46,2004-02-19,Shipped,Vintage Cars,83,2004,0.025,78.49725000000001
10223,S24_1578,32,91.29,2921.28,2004-02-20,Shipped,Motorcycles,112,2004,0.025,89.00775
10223,S24_2000,38,69.31,2633.78,2004-02-20,Shipped,Motorcycles,76,2004,0.025,67.57725
10223,S50_1341,41,46.26,1896.66,2004-02-20,Shipped,Vintage Cars,43,2004,0.025,45.1035
10224,S18_3782,38,58.44,2220.72,2004-02-21,Shipped,Motorcycles,62,2004,0.025,56.979
10224,S24_2360,37,80.34,2972.58,2004-02-21,Shipped,Motorcycles,69,2004,0.025,78.3315
10224,S32_2206,43,39.43,1695.49,2004-02-21,Shipped,Motorcycles,40,2004,0.025,38.44425
10224,S50_4713,50,77.29,3864.5,2004-02-21,Shipped,Motorcycles,81,2004,0.025,75.35775000000001
10225,S12_3990,37,77.41,2864.17,2004-02-22,Shipped,Classic Cars,79,2004,0.025,75.47475
10225,S18_1889,47,64.68,3039.96,2004-02-22,Shipped,Classic Cars,77,2004,0.025,63.06300000000001
10225,S18_3278,37,95.69,3540.53,2004-02-22,Shipped,Classic Cars,80,2004,0.025,93.29775
10225,S24_2972,42,36.63,1538.46,2004-02-22,Shipped,Classic Cars,37,2004,0.025,35.71425
10225,S24_4620,46,70.33,3235.18,2004-02-22,Shipped,Classic Cars,80,2004,0.025,68.57175
10226,S24_1628,36,43.27,1557.72,2004-02-26,Shipped,Classic Cars,50,2004,0.025,42.188250000000004
10226,S24_3432,48,92.09,4420.32,2004-02-26,Shipped,Classic Cars,107,2004,0.025,89.78775
10227,S18_1367,31,48.52,1504.12,2004-03-02,Shipped,Vintage Cars,53,2004,0.025,47.307
10227,S18_4933,37,57.73,2136.01,2004-03-02,Shipped,Classic Cars,71,2004,0.025,56.28675
10227,S24_1937,42,29.21,1226.82,2004-03-02,Shipped,Vintage Cars,33,2004,0.025,28.47975
10227,S24_2766,47,88.14,4142.58,2004-03-02,Shipped,Classic Cars,90,2004,0.025,85.9365
10227,S24_3191,40,79.62,3184.8,2004-03-02,Shipped,Classic Cars,85,2004,0.025,77.62950000000001
10228,S18_2957,45,63.71,2866.95,2004-03-10,Shipped,Vintage Cars,62,2004,0.025,62.11725
10229,S18_4668,39,40.25,1569.75,2004-03-11,Shipped,Vintage Cars,50,2004,0.025,39.24375
10229,S24_2840,33,32.88,1085.04,2004-03-11,Shipped,Classic Cars,35,2004,0.025,32.058
10230,S24_1444,36,54.33,1955.88,2004-03-15,Shipped,Classic Cars,57,2004,0.025,52.97175
10233,S24_3151,40,94.71,3788.4,2004-03-29,Shipped,Vintage Cars,88,2004,0.025,92.34224999999999
10235,S32_4289,34,77.73,2642.82,2004-04-02,Shipped,Vintage Cars,68,2004,0.025,75.78675
10235,S50_1341,41,35.35,1449.35,2004-04-02,Shipped,Vintage Cars,43,2004,0.025,34.46625
10236,S24_2000,36,87.6,3153.6,2004-04-03,Shipped,Motorcycles,76,2004,0.025,85.41
10238,S18_3278,41,73.17,2999.97,2004-04-09,Shipped,Classic Cars,80,2004,0.025,71.34075
10238,S24_3371,47,62.45,2935.15,2004-04-09,Shipped,Classic Cars,61,2004,0.025,60.88875
10239,S18_1889,46,73.92,3400.32,2004-04-12,Shipped,Classic Cars,77,2004,0.025,72.072
10241,S18_2248,33,72.65,2397.45,2004-04-13,Shipped,Vintage Cars,60,2004,0.025,70.83375000000001
10241,S18_4409,42,90.19,3787.98,2004-04-13,Shipped,Vintage Cars,92,2004,0.025,87.93525
10241,S24_2766,47,94.5,4441.5,2004-04-13,Shipped,Classic Cars,90,2004,0.025,92.1375
10242,S24_3969,46,36.93,1698.78,2004-04-20,Shipped,Vintage Cars,41,2004,0.025,36.00675
10243,S24_1937,33,29.54,974.82,2004-04-26,Shipped,Vintage Cars,33,2004,0.025,28.8015
10244,S18_3320,36,84.33,3035.88,2004-04-29,Shipped,Vintage Cars,99,2004,0.025,82.22175
10244,S24_2022,39,45.25,1764.75,2004-04-29,Shipped,Vintage Cars,44,2004,0.025,44.11875
10244,S24_4258,40,86.68,3467.2,2004-04-29,Shipped,Vintage Cars,97,2004,0.025,84.513
10245,S18_4668,45,59.87,2694.15,2004-05-04,Shipped,Vintage Cars,50,2004,0.025,58.37325
10245,S32_3522,44,69.16,3043.04,2004-05-04,Shipped,Trucks and Buses,64,2004,0.025,67.431
10246,S24_1444,44,52.6,2314.4,2004-05-05,Shipped,Classic Cars,57,2004,0.025,51.285000000000004
10246,S24_2840,49,36.07,1767.43,2004-05-05,Shipped,Classic Cars,35,2004,0.025,35.16825
10246,S32_2509,35,48.7,1704.5,2004-05-05,Shipped,Trucks and Buses,54,2004,0.025,47.4825
10248,S18_4522,42,75.48,3170.16,2004-05-07,Cancelled,Vintage Cars,87,2004,0.025,73.593
10250,S24_2000,32,87.6,2803.2,2004-05-11,Shipped,Motorcycles,76,2004,0.025,85.41
10250,S32_4289,50,61.22,3061.0,2004-05-11,Shipped,Vintage Cars,68,2004,0.025,59.689499999999995
10250,S50_1341,36,51.93,1869.48,2004-05-11,Shipped,Vintage Cars,43,2004,0.025,50.63175
10252,S18_3782,31,52.84,1638.04,2004-05-26,Shipped,Motorcycles,62,2004,0.025,51.519000000000005
10252,S24_2360,47,65.8,3092.6,2004-05-26,Shipped,Motorcycles,69,2004,0.025,64.155
10252,S24_4620,38,87.31,3317.78,2004-05-26,Shipped,Classic Cars,80,2004,0.025,85.12725
10252,S32_2206,36,48.28,1738.08,2004-05-26,Shipped,Motorcycles,40,2004,0.025,47.073
10252,S50_4713,48,72.41,3475.68,2004-05-26,Shipped,Motorcycles,81,2004,0.025,70.59975
10253,S24_2972,40,42.67,1706.8,2004-06-01,Cancelled,Classic Cars,37,2004,0.025,41.60325
10255,S24_2022,37,45.7,1690.9,2004-06-04,Shipped,Vintage Cars,44,2004,0.025,44.557500000000005
10256,S18_1342,34,95.55,3248.7,2004-06-08,Shipped,Vintage Cars,102,2004,0.025,93.16125
10257,S18_2949,50,88.14,4407.0,2004-06-14,Shipped,Vintage Cars,101,2004,0.025,85.9365
10257,S18_2957,49,53.72,2632.28,2004-06-14,Shipped,Vintage Cars,62,2004,0.025,52.376999999999995
10257,S18_3136,37,84.82,3138.34,2004-06-14,Shipped,Vintage Cars,104,2004,0.025,82.6995
10257,S24_4258,46,78.89,3628.94,2004-06-14,Shipped,Vintage Cars,97,2004,0.025,76.91775
10258,S700_2824,45,80.92,3641.4,2004-06-15,Shipped,Classic Cars,101,2004,0.025,78.897
10259,S18_2319,34,99.41,3379.94,2004-06-15,Shipped,Trucks and Buses,122,2004,0.025,96.92475
10259,S24_2840,31,33.24,1030.44,2004-06-15,Shipped,Classic Cars,35,2004,0.025,32.409
10259,S32_1268,45,86.68,3900.6,2004-06-15,Shipped,Trucks and Buses,96,2004,0.025,84.513
10259,S32_2509,40,43.83,1753.2,2004-06-15,Shipped,Trucks and Buses,54,2004,0.025,42.734249999999996
10262,S24_3420,46,70.35,3236.1,2004-06-24,Cancelled,Vintage Cars,65,2004,0.025,68.59124999999999
10262,S24_3816,49,87.21,4273.29,2004-06-24,Cancelled,Vintage Cars,83,2004,0.025,85.02974999999999
10262,S32_4289,40,79.11,3164.4,2004-06-24,Cancelled,Vintage Cars,68,2004,0.025,77.13225
10262,S50_1341,49,37.97,1860.53,2004-06-24,Cancelled,Vintage Cars,43,2004,0.025,37.02075
10263,S18_2625,34,58.75,1997.5,2004-06-28,Shipped,Motorcycles,60,2004,0.025,57.28125
10263,S24_2000,37,62.46,2311.02,2004-06-28,Shipped,Motorcycles,76,2004,0.025,60.8985
10263,S32_1374,31,79.91,2477.21,2004-06-28,Shipped,Motorcycles,99,2004,0.025,77.91225
10264,S18_3782,48,54.71,2626.08,2004-06-30,Shipped,Motorcycles,62,2004,0.025,53.34225
10264,S24_2360,37,65.1,2408.7,2004-06-30,Shipped,Motorcycles,69,2004,0.025,63.4725
10264,S24_4620,47,83.27,3913.69,2004-06-30,Shipped,Classic Cars,80,2004,0.025,81.18825
10264,S32_4485,34,97.97,3330.98,2004-06-30,Shipped,Motorcycles,102,2004,0.025,95.52074999999999
10264,S50_4713,47,89.5,4206.5,2004-06-30,Shipped,Motorcycles,81,2004,0.025,87.2625
10265,S18_3278,45,86.84,3907.8,2004-07-02,Shipped,Classic Cars,80,2004,0.025,84.669
10266,S12_3990,35,76.61,2681.35,2004-07-06,Shipped,Classic Cars,79,2004,0.025,74.69475
10266,S18_1889,33,74.69,2464.77,2004-07-06,Shipped,Classic Cars,77,2004,0.025,72.82275
10266,S24_2972,34,40.4,1373.6,2004-07-06,Shipped,Classic Cars,37,2004,0.025,39.39
10266,S24_3371,47,62.45,2935.15,2004-07-06,Shipped,Classic Cars,61,2004,0.025,60.88875
10267,S18_4933,36,75.55,2719.8,2004-07-07,Shipped,Classic Cars,71,2004,0.025,73.66125
10267,S24_1046,40,80.1,3204.0,2004-07-07,Shipped,Classic Cars,73,2004,0.025,78.0975
10267,S24_2766,38,87.24,3315.12,2004-07-07,Shipped,Classic Cars,90,2004,0.025,85.059
10267,S24_3191,44,96.74,4256.56,2004-07-07,Shipped,Classic Cars,85,2004,0.025,94.3215
10269,S18_2957,32,63.08,2018.56,2004-07-16,Shipped,Vintage Cars,62,2004,0.025,61.503
10269,S24_4258,48,97.39,4674.72,2004-07-16,Shipped,Vintage Cars,97,2004,0.025,94.95525
10270,S18_1097,43,96.84,4164.12,2004-07-19,Shipped,Trucks and Buses,116,2004,0.025,94.419
10270,S18_2949,31,96.24,2983.44,2004-07-19,Shipped,Vintage Cars,101,2004,0.025,93.83399999999999
10270,S18_4668,44,58.36,2567.84,2004-07-19,Shipped,Vintage Cars,50,2004,0.025,56.900999999999996
10270,S32_1268,32,85.72,2743.04,2004-07-19,Shipped,Trucks and Buses,96,2004,0.025,83.577
10270,S700_2824,46,88.0,4048.0,2004-07-19,Shipped,Classic Cars,101,2004,0.025,85.8
10271,S12_4473,31,97.17,3012.27,2004-07-20,Shipped,Trucks and Buses,118,2004,0.025,94.74075
10271,S24_1444,45,64.74,2913.3,2004-07-20,Shipped,Classic Cars,57,2004,0.025,63.1215
10271,S24_2840,38,41.72,1585.36,2004-07-20,Shipped,Classic Cars,35,2004,0.025,40.677
10271,S32_2509,35,47.62,1666.7,2004-07-20,Shipped,Trucks and Buses,54,2004,0.025,46.4295
10271,S50_1392,34,98.39,3345.26,2004-07-20,Shipped,Trucks and Buses,115,2004,0.025,95.93025
10273,S18_3856,50,85.75,4287.5,2004-07-21,Shipped,Vintage Cars,105,2004,0.025,83.60625
10273,S18_4522,33,71.09,2345.97,2004-07-21,Shipped,Vintage Cars,87,2004,0.025,69.31275000000001
10273,S24_3816,48,83.02,3984.96,2004-07-21,Shipped,Vintage Cars,83,2004,0.025,80.94449999999999
10275,S10_1678,45,92.83,4177.35,2004-07-23,Shipped,Motorcycles,95,2004,0.025,90.50925
10275,S18_2625,37,63.6,2353.2,2004-07-23,Shipped,Motorcycles,60,2004,0.025,62.01
10275,S50_1341,38,45.39,1724.82,2004-07-23,Shipped,Vintage Cars,43,2004,0.025,44.255250000000004
10276,S12_3990,38,83.79,3184.02,2004-08-02,Shipped,Classic Cars,79,2004,0.025,81.69525
10276,S18_3278,38,69.96,2658.48,2004-08-02,Shipped,Classic Cars,80,2004,0.025,68.211
10276,S18_3782,33,50.36,1661.88,2004-08-02,Shipped,Motorcycles,62,2004,0.025,49.101
10276,S24_2360,46,75.49,3472.54,2004-08-02,Shipped,Motorcycles,69,2004,0.025,73.60275
10276,S24_4620,48,75.18,3608.64,2004-08-02,Shipped,Classic Cars,80,2004,0.025,73.3005
10278,S24_1628,35,45.28,1584.8,2004-08-06,Shipped,Classic Cars,50,2004,0.025,44.148
10278,S24_2972,31,38.89,1205.59,2004-08-06,Shipped,Classic Cars,37,2004,0.025,37.91775
10279,S24_1046,32,74.96,2398.72,2004-08-09,Shipped,Classic Cars,73,2004,0.025,73.086
10279,S24_2766,49,79.97,3918.53,2004-08-09,Shipped,Classic Cars,90,2004,0.025,77.97075
10279,S24_3191,33,71.06,2344.98,2004-08-09,Shipped,Classic Cars,85,2004,0.025,69.2835
10280,S18_2957,43,68.71,2954.53,2004-08-17,Shipped,Vintage Cars,62,2004,0.025,66.99225
10280,S24_2022,45,47.49,2137.05,2004-08-17,Shipped,Vintage Cars,44,2004,0.025,46.30275
10280,S24_3969,33,41.85,1381.05,2004-08-17,Shipped,Vintage Cars,41,2004,0.025,40.80375
10281,S18_4668,44,59.87,2634.28,2004-08-19,Shipped,Vintage Cars,50,2004,0.025,58.37325
10281,S32_2509,31,55.19,1710.89,2004-08-19,Shipped,Trucks and Buses,54,2004,0.025,53.810249999999996
10281,S32_3522,36,77.57,2792.52,2004-08-19,Shipped,Trucks and Buses,64,2004,0.025,75.63074999999999
10283,S24_3151,34,92.94,3159.96,2004-08-20,Shipped,Vintage Cars,88,2004,0.025,90.6165
10283,S24_3816,33,72.96,2407.68,2004-08-20,Shipped,Vintage Cars,83,2004,0.025,71.136
10284,S24_3420,39,71.67,2795.13,2004-08-21,Shipped,Vintage Cars,65,2004,0.025,69.87825000000001
10284,S32_4289,50,81.86,4093.0,2004-08-21,Shipped,Vintage Cars,68,2004,0.025,79.8135
10284,S50_1341,33,51.93,1713.69,2004-08-21,Shipped,Vintage Cars,43,2004,0.025,50.63175
10285,S24_2000,39,70.08,2733.12,2004-08-27,Shipped,Motorcycles,76,2004,0.025,68.328
10285,S24_2360,38,59.56,2263.28,2004-08-27,Shipped,Motorcycles,69,2004,0.025,58.071000000000005
10285,S32_1374,37,98.89,3658.93,2004-08-27,Shipped,Motorcycles,99,2004,0.025,96.41775
10285,S32_2206,37,41.03,1518.11,2004-08-27,Shipped,Motorcycles,40,2004,0.025,40.00425
10285,S50_4713,39,78.92,3077.88,2004-08-27,Shipped,Motorcycles,81,2004,0.025,76.947
10286,S18_3782,38,57.2,2173.6,2004-08-28,Shipped,Motorcycles,62,2004,0.025,55.77
10287,S12_3990,41,69.43,2846.63,2004-08-30,Shipped,Classic Cars,79,2004,0.025,67.69425000000001
10287,S18_1889,44,82.39,3625.16,2004-08-30,Shipped,Classic Cars,77,2004,0.025,80.33025
10287,S18_3278,43,70.76,3042.68,2004-08-30,Shipped,Classic Cars,80,2004,0.025,68.991
10287,S24_2972,36,39.65,1427.4,2004-08-30,Shipped,Classic Cars,37,2004,0.025,38.65875
10287,S24_4620,40,88.12,3524.8,2004-08-30,Shipped,Classic Cars,80,2004,0.025,85.917
10288,S18_4409,35,80.99,2834.65,2004-09-01,Shipped,Vintage Cars,92,2004,0.025,78.96525
10288,S24_1046,36,66.14,2381.04,2004-09-01,Shipped,Classic Cars,73,2004,0.025,64.4865
10288,S24_1628,50,52.32,2616.0,2004-09-01,Shipped,Classic Cars,50,2004,0.025,51.012
10288,S24_2766,35,80.87,2830.45,2004-09-01,Shipped,Classic Cars,90,2004,0.025,78.84825000000001
10288,S24_3191,34,68.49,2328.66,2004-09-01,Shipped,Classic Cars,85,2004,0.025,66.77775
10288,S24_3969,33,40.62,1340.46,2004-09-01,Shipped,Vintage Cars,41,2004,0.025,39.604499999999994
10289,S24_2022,45,48.38,2177.1,2004-09-03,Shipped,Vintage Cars,44,2004,0.025,47.170500000000004
10291,S18_2957,37,50.59,1871.83,2004-09-08,Shipped,Vintage Cars,62,2004,0.025,49.325250000000004
10291,S32_3522,32,71.75,2296.0,2004-09-08,Shipped,Trucks and Buses,64,2004,0.025,69.95625
10292,S24_1444,40,53.75,2150.0,2004-09-08,Shipped,Classic Cars,57,2004,0.025,52.40625
10292,S24_2840,39,30.06,1172.34,2004-09-08,Shipped,Classic Cars,35,2004,0.025,29.3085
10292,S32_2509,50,46.53,2326.5,2004-09-08,Shipped,Trucks and Buses,54,2004,0.025,45.36675
10295,S24_3151,46,84.97,3908.62,2004-09-10,Shipped,Vintage Cars,88,2004,0.025,82.84575
10296,S24_3420,31,53.92,1671.52,2004-09-15,Shipped,Vintage Cars,65,2004,0.025,52.572
10297,S24_2000,32,65.51,2096.32,2004-09-16,Shipped,Motorcycles,76,2004,0.025,63.87225000000001
10298,S10_2016,39,96.34,3757.26,2004-09-27,Shipped,Motorcycles,118,2004,0.025,93.9315
10298,S18_2625,32,48.46,1550.72,2004-09-27,Shipped,Motorcycles,60,2004,0.025,47.2485
10299,S18_3782,39,55.95,2182.05,2004-09-30,Shipped,Motorcycles,62,2004,0.025,54.55125
10299,S24_2360,33,66.49,2194.17,2004-09-30,Shipped,Motorcycles,69,2004,0.025,64.82775
10299,S24_4620,32,80.84,2586.88,2004-09-30,Shipped,Classic Cars,80,2004,0.025,78.819
10299,S50_4713,44,80.55,3544.2,2004-09-30,Shipped,Motorcycles,81,2004,0.025,78.53625
10303,S18_2248,46,49.04,2255.84,2004-10-06,Shipped,Vintage Cars,60,2004,0.025,47.814
10304,S18_1097,46,98.0,4508.0,2004-10-11,Shipped,Trucks and Buses,116,2004,0.025,95.55
10304,S18_1342,37,95.55,3535.35,2004-10-11,Shipped,Vintage Cars,102,2004,0.025,93.16125
10304,S18_1367,37,48.52,1795.24,2004-10-11,Shipped,Vintage Cars,53,2004,0.025,47.307
10304,S18_4668,34,49.3,1676.2,2004-10-11,Shipped,Vintage Cars,50,2004,0.025,48.067499999999995
10304,S24_2022,44,39.42,1734.48,2004-10-11,Shipped,Vintage Cars,44,2004,0.025,38.4345
10304,S32_3522,36,73.04,2629.44,2004-10-11,Shipped,Trucks and Buses,64,2004,0.025,71.21400000000001
10305,S18_2432,41,53.48,2192.68,2004-10-13,Shipped,Trucks and Buses,60,2004,0.025,52.142999999999994
10305,S24_1444,45,61.85,2783.25,2004-10-13,Shipped,Classic Cars,57,2004,0.025,60.30375
10305,S24_2840,48,31.47,1510.56,2004-10-13,Shipped,Classic Cars,35,2004,0.025,30.683249999999997
10305,S32_2509,40,57.9,2316.0,2004-10-13,Shipped,Trucks and Buses,54,2004,0.025,56.4525
10306,S18_4522,39,90.4,3525.6,2004-10-14,Shipped,Vintage Cars,87,2004,0.025,88.14
10306,S24_3151,31,84.08,2606.48,2004-10-14,Shipped,Vintage Cars,88,2004,0.025,81.978
10307,S18_3856,48,86.81,4166.88,2004-10-14,Shipped,Vintage Cars,105,2004,0.025,84.63975
10308,S18_2625,34,52.09,1771.06,2004-10-15,Shipped,Motorcycles,60,2004,0.025,50.78775
10308,S24_2000,47,63.22,2971.34,2004-10-15,Shipped,Motorcycles,76,2004,0.025,61.6395
10308,S32_4289,46,66.04,3037.84,2004-10-15,Shipped,Vintage Cars,68,2004,0.025,64.38900000000001
10308,S50_1341,47,43.64,2051.08,2004-10-15,Shipped,Vintage Cars,43,2004,0.025,42.549
10309,S32_4485,50,84.7,4235.0,2004-10-15,Shipped,Motorcycles,102,2004,0.025,82.5825
10310,S12_3990,49,81.4,3988.6,2004-10-16,Shipped,Classic Cars,79,2004,0.025,79.36500000000001
10310,S18_3782,42,67.14,2819.88,2004-10-16,Shipped,Motorcycles,62,2004,0.025,65.4615
10310,S24_2972,33,41.91,1383.03,2004-10-16,Shipped,Classic Cars,37,2004,0.025,40.862249999999996
10310,S24_3371,38,56.94,2163.72,2004-10-16,Shipped,Classic Cars,61,2004,0.025,55.5165
10310,S24_4620,49,97.01,4753.49,2004-10-16,Shipped,Classic Cars,80,2004,0.025,94.58475
10310,S32_2206,36,43.05,1549.8,2004-10-16,Shipped,Motorcycles,40,2004,0.025,41.973749999999995
10311,S18_4409,41,81.91,3358.31,2004-10-16,Shipped,Vintage Cars,92,2004,0.025,79.86225
10311,S24_1628,45,49.3,2218.5,2004-10-16,Shipped,Classic Cars,50,2004,0.025,48.067499999999995
10311,S24_3432,46,92.09,4236.14,2004-10-16,Shipped,Classic Cars,107,2004,0.025,89.78775
10312,S18_1342,43,89.38,3843.34,2004-10-21,Shipped,Vintage Cars,102,2004,0.025,87.1455
10312,S18_2957,35,53.72,1880.2,2004-10-21,Shipped,Vintage Cars,62,2004,0.025,52.376999999999995
10312,S18_4668,39,56.85,2217.15,2004-10-21,Shipped,Vintage Cars,50,2004,0.025,55.42875
10312,S24_1937,39,29.54,1152.06,2004-10-21,Shipped,Vintage Cars,33,2004,0.025,28.8015
10312,S24_3969,31,35.29,1093.99,2004-10-21,Shipped,Vintage Cars,41,2004,0.025,34.40775
10313,S18_2432,34,52.87,1797.58,2004-10-22,Shipped,Trucks and Buses,60,2004,0.025,51.548249999999996
10313,S32_2509,38,45.45,1727.1,2004-10-22,Shipped,Trucks and Buses,54,2004,0.025,44.313750000000006
10313,S32_3522,34,56.24,1912.16,2004-10-22,Shipped,Trucks and Buses,64,2004,0.025,54.834
10314,S24_1444,44,53.18,2339.92,2004-10-22,Shipped,Classic Cars,57,2004,0.025,51.8505
10314,S24_2840,39,37.13,1448.07,2004-10-22,Shipped,Classic Cars,35,2004,0.025,36.201750000000004
10316,S18_3856,47,86.81,4080.07,2004-11-01,Shipped,Vintage Cars,105,2004,0.025,84.63975
10316,S24_3420,47,76.93,3615.71,2004-11-01,Shipped,Vintage Cars,65,2004,0.025,75.00675000000001
10316,S50_1341,34,47.57,1617.38,2004-11-01,Shipped,Vintage Cars,43,2004,0.025,46.38075
10318,S10_1678,46,94.74,4358.04,2004-11-02,Shipped,Motorcycles,95,2004,0.025,92.3715
10318,S18_2625,42,52.7,2213.4,2004-11-02,Shipped,Motorcycles,60,2004,0.025,51.3825
10319,S18_3278,46,73.98,3403.08,2004-11-03,Shipped,Classic Cars,80,2004,0.025,72.1305
10319,S18_3782,44,59.06,2598.64,2004-11-03,Shipped,Motorcycles,62,2004,0.025,57.5835
10319,S24_2360,31,81.73,2533.63,2004-11-03,Shipped,Motorcycles,69,2004,0.025,79.68675
10319,S24_4620,43,85.69,3684.67,2004-11-03,Shipped,Classic Cars,80,2004,0.025,83.54775
10319,S50_4713,45,77.29,3478.05,2004-11-03,Shipped,Motorcycles,81,2004,0.025,75.35775000000001
10320,S12_3990,38,73.42,2789.96,2004-11-03,Shipped,Classic Cars,79,2004,0.025,71.5845
10321,S18_1889,37,78.54,2905.98,2004-11-04,Shipped,Classic Cars,77,2004,0.025,76.57650000000001
10321,S24_1628,48,42.26,2028.48,2004-11-04,Shipped,Classic Cars,50,2004,0.025,41.2035
10321,S24_2972,37,33.23,1229.51,2004-11-04,Shipped,Classic Cars,37,2004,0.025,32.399249999999995
10321,S24_3191,39,84.75,3305.25,2004-11-04,Shipped,Classic Cars,85,2004,0.025,82.63125
10322,S10_4962,46,61.99,2851.54,2004-11-04,Shipped,Classic Cars,147,2004,0.025,60.44025
10322,S18_1342,43,86.3,3710.9,2004-11-04,Shipped,Vintage Cars,102,2004,0.025,84.1425
10322,S18_1367,41,57.68,2364.88,2004-11-04,Shipped,Vintage Cars,53,2004,0.025,56.238
10322,S18_2432,35,61.21,2142.35,2004-11-04,Shipped,Trucks and Buses,60,2004,0.025,59.67975
10322,S18_2957,41,29.87,1224.67,2004-11-04,Shipped,Vintage Cars,62,2004,0.025,29.123250000000002
10322,S18_3136,48,47.04,2257.92,2004-11-04,Shipped,Vintage Cars,104,2004,0.025,45.864
10323,S18_3320,33,91.27,3011.91,2004-11-05,Shipped,Vintage Cars,99,2004,0.025,88.98825
10324,S18_2319,33,37.48,1236.84,2004-11-05,Shipped,Trucks and Buses,122,2004,0.025,36.543
10325,S10_4757,47,64.93,3051.71,2004-11-05,Shipped,Classic Cars,136,2004,0.025,63.30675000000001
10325,S12_1108,42,64.0,2688.0,2004-11-05,Shipped,Classic Cars,207,2004,0.025,62.4
10326,S18_4522,50,86.01,4300.5,2004-11-09,Shipped,Vintage Cars,87,2004,0.025,83.85975
10326,S24_3151,41,85.85,3519.85,2004-11-09,Shipped,Vintage Cars,88,2004,0.025,83.70375
10328,S50_1341,34,51.93,1765.62,2004-11-12,Shipped,Vintage Cars,43,2004,0.025,50.63175
10329,S12_1099,41,71.47,2930.27,2004-11-15,Shipped,Classic Cars,194,2004,0.025,69.68325
10329,S12_3380,46,83.63,3846.98,2004-11-15,Shipped,Classic Cars,117,2004,0.025,81.53925
10329,S12_4675,39,64.74,2524.86,2004-11-15,Shipped,Classic Cars,115,2004,0.025,63.1215
10329,S18_3278,38,59.1,2245.8,2004-11-15,Shipped,Classic Cars,80,2004,0.025,57.6225
10329,S24_2000,37,94.43,3493.91,2004-11-15,Shipped,Motorcycles,76,2004,0.025,92.06925000000001
10329,S32_1374,45,63.91,2875.95,2004-11-15,Shipped,Motorcycles,99,2004,0.025,62.31225
10330,S24_2360,42,81.03,3403.26,2004-11-16,Shipped,Motorcycles,69,2004,0.025,79.00425
10331,S18_1749,44,74.04,3257.76,2004-11-17,Shipped,Vintage Cars,170,2004,0.025,72.18900000000001
10332,S18_1342,46,95.13,4375.98,2004-11-17,Shipped,Vintage Cars,102,2004,0.025,92.75175
10332,S18_2248,38,84.25,3201.5,2004-11-17,Shipped,Vintage Cars,60,2004,0.025,82.14375
10332,S18_2325,35,64.69,2264.15,2004-11-17,Shipped,Vintage Cars,127,2004,0.025,63.07275
10332,S18_3136,40,39.8,1592.0,2004-11-17,Shipped,Vintage Cars,104,2004,0.025,38.805
10332,S24_1937,45,81.91,3685.95,2004-11-17,Shipped,Vintage Cars,33,2004,0.025,79.86225
10332,S24_2766,39,86.72,3382.08,2004-11-17,Shipped,Classic Cars,90,2004,0.025,84.55199999999999
10332,S24_2887,44,42.26,1859.44,2004-11-17,Shipped,Classic Cars,117,2004,0.025,41.2035
10332,S24_3191,45,34.19,1538.55,2004-11-17,Shipped,Classic Cars,85,2004,0.025,33.335249999999995
10332,S24_3432,31,37.18,1152.58,2004-11-17,Shipped,Classic Cars,107,2004,0.025,36.2505
10332,S24_3969,41,77.24,3166.84,2004-11-17,Shipped,Vintage Cars,41,2004,0.025,75.309
10333,S12_1666,33,99.21,3273.93,2004-11-18,Shipped,Trucks and Buses,136,2004,0.025,96.72975
10333,S18_2949,31,90.17,2795.27,2004-11-18,Shipped,Vintage Cars,101,2004,0.025,87.91575
10333,S32_3522,33,73.69,2431.77,2004-11-18,Shipped,Trucks and Buses,64,2004,0.025,71.84774999999999
10334,S18_2432,34,61.38,2086.92,2004-11-19,On Hold,Trucks and Buses,60,2004,0.025,59.8455
10335,S24_2840,33,37.13,1225.29,2004-11-19,Shipped,Classic Cars,35,2004,0.025,36.201750000000004
10335,S32_2509,40,60.6,2424.0,2004-11-19,Shipped,Trucks and Buses,54,2004,0.025,59.085
10336,S12_1108,33,57.22,1888.26,2004-11-20,Shipped,Classic Cars,207,2004,0.025,55.7895
10336,S12_3891,49,63.38,3105.62,2004-11-20,Shipped,Classic Cars,173,2004,0.025,61.795500000000004
10339,S10_2016,40,68.92,2756.8,2004-11-23,Shipped,Motorcycles,118,2004,0.025,67.197
10339,S10_4698,39,76.67,2990.13,2004-11-23,Shipped,Motorcycles,193,2004,0.025,74.75325000000001
10339,S24_3816,42,59.36,2493.12,2004-11-23,Shipped,Vintage Cars,83,2004,0.025,57.876
10340,S24_2000,55,79.98,4398.9,2004-11-24,Shipped,Motorcycles,76,2004,0.025,77.9805
10340,S32_4289,39,59.16,2307.24,2004-11-24,Shipped,Vintage Cars,68,2004,0.025,57.681
10340,S50_1341,40,50.62,2024.8,2004-11-24,Shipped,Vintage Cars,43,2004,0.025,49.354499999999994
10341,S12_1099,45,79.65,3584.25,2004-11-24,Shipped,Classic Cars,194,2004,0.025,77.65875000000001
10341,S12_3380,44,95.93,4220.92,2004-11-24,Shipped,Classic Cars,117,2004,0.025,93.53175
10341,S12_3990,36,93.56,3368.16,2004-11-24,Shipped,Classic Cars,79,2004,0.025,91.221
10341,S12_4675,55,75.2,4136.0,2004-11-24,Shipped,Classic Cars,115,2004,0.025,73.32000000000001
10341,S32_4485,31,71.02,2201.62,2004-11-24,Shipped,Motorcycles,102,2004,0.025,69.2445
10342,S18_1889,55,65.45,3599.75,2004-11-24,Shipped,Classic Cars,77,2004,0.025,63.813750000000006
10342,S24_2972,39,40.4,1575.6,2004-11-24,Shipped,Classic Cars,37,2004,0.025,39.39
10342,S24_3371,48,62.45,2997.6,2004-11-24,Shipped,Classic Cars,61,2004,0.025,60.88875
10343,S18_3685,44,84.88,3734.72,2004-11-24,Shipped,Classic Cars,141,2004,0.025,82.758
10344,S18_2248,40,56.91,2276.4,2004-11-25,Shipped,Vintage Cars,60,2004,0.025,55.487249999999996
10345,S24_2022,43,53.76,2311.68,2004-11-25,Shipped,Vintage Cars,44,2004,0.025,52.416
10346,S18_1342,42,36.11,1516.62,2004-11-29,Shipped,Vintage Cars,102,2004,0.025,35.20725
10347,S18_1097,42,49.6,2083.2,2004-11-29,Shipped,Trucks and Buses,116,2004,0.025,48.36
10347,S18_2957,34,64.96,2208.64,2004-11-29,Shipped,Vintage Cars,62,2004,0.025,63.33599999999999
10348,S12_1108,48,52.36,2513.28,2004-11-01,Shipped,Classic Cars,207,2004,0.025,51.051
10348,S24_4258,39,50.31,1962.09,2004-11-01,Shipped,Vintage Cars,97,2004,0.025,49.05225
10348,S700_2824,32,82.83,2650.56,2004-11-01,Shipped,Classic Cars,101,2004,0.025,80.75925
10349,S24_1444,48,47.4,2275.2,2004-12-01,Shipped,Classic Cars,57,2004,0.025,46.214999999999996
10349,S24_2840,36,37.13,1336.68,2004-12-01,Shipped,Classic Cars,35,2004,0.025,36.201750000000004
10349,S32_2509,33,46.53,1535.49,2004-12-01,Shipped,Trucks and Buses,54,2004,0.025,45.36675
10350,S50_1392,31,71.4,2213.4,2004-12-02,Shipped,Trucks and Buses,115,2004,0.025,69.61500000000001
10351,S24_3420,38,68.38,2598.44,2004-12-03,Shipped,Vintage Cars,65,2004,0.025,66.67049999999999
10353,S32_1374,46,81.17,3733.82,2004-12-04,Shipped,Motorcycles,99,2004,0.025,79.14075
10353,S32_4289,40,44.51,1780.4,2004-12-04,Shipped,Vintage Cars,68,2004,0.025,43.39725
10353,S50_1341,40,82.21,3288.4,2004-12-04,Shipped,Vintage Cars,43,2004,0.025,80.15474999999999
10355,S18_3782,31,53.47,1657.57,2004-12-07,Shipped,Motorcycles,62,2004,0.025,52.13325
10355,S24_2360,41,70.65,2896.65,2004-12-07,Shipped,Motorcycles,69,2004,0.025,68.88375
10355,S24_2972,36,38.52,1386.72,2004-12-07,Shipped,Classic Cars,37,2004,0.025,37.557
10355,S24_3371,44,62.45,2747.8,2004-12-07,Shipped,Classic Cars,61,2004,0.025,60.88875
10355,S32_2206,38,39.83,1513.54,2004-12-07,Shipped,Motorcycles,40,2004,0.025,38.83425
10356,S18_1129,43,97.6,4196.8,2004-12-09,Shipped,Classic Cars,141,2004,0.025,95.16
10356,S18_1342,50,50.18,2509.0,2004-12-09,Shipped,Vintage Cars,102,2004,0.025,48.9255
10357,S18_1097,39,98.0,3822.0,2004-12-10,Shipped,Trucks and Buses,116,2004,0.025,95.55
10357,S18_2432,41,61.99,2541.59,2004-12-10,Shipped,Trucks and Buses,60,2004,0.025,60.44025
10357,S18_2949,41,87.13,3572.33,2004-12-10,Shipped,Vintage Cars,101,2004,0.025,84.95174999999999
10357,S18_2957,49,70.58,3458.42,2004-12-10,Shipped,Vintage Cars,62,2004,0.025,68.8155
10358,S12_3148,49,55.34,2711.66,2004-12-10,Shipped,Classic Cars,151,2004,0.025,53.956500000000005
10358,S12_4473,42,64.16,2694.72,2004-12-10,Shipped,Trucks and Buses,118,2004,0.025,62.556
10358,S18_3232,32,93.49,2991.68,2004-12-10,Shipped,Classic Cars,169,2004,0.025,91.15275
10358,S24_1444,44,60.76,2673.44,2004-12-10,Shipped,Classic Cars,57,2004,0.025,59.241
10358,S24_2840,36,82.94,2985.84,2004-12-10,Shipped,Classic Cars,35,2004,0.025,80.8665
10359,S10_4757,48,54.68,2624.64,2004-12-15,Shipped,Classic Cars,136,2004,0.025,53.313
10359,S12_3891,49,62.09,3042.41,2004-12-15,Shipped,Classic Cars,173,2004,0.025,60.53775
10361,S32_4289,49,72.33,3544.17,2004-12-17,Shipped,Vintage Cars,68,2004,0.025,70.52175
10361,S50_1341,33,82.59,2725.47,2004-12-17,Shipped,Vintage Cars,43,2004,0.025,80.52525
10100,S18_2248,50,67.8,3390.0,2003-01-06,Shipped,Vintage Cars,60,2003,0.025,66.105
10100,S24_3969,49,34.47,1689.03,2003-01-06,Shipped,Vintage Cars,41,2003,0.025,33.60825
10101,S24_1937,45,31.2,1404.0,2003-01-09,Shipped,Vintage Cars,33,2003,0.025,30.419999999999998
10101,S24_2022,46,53.76,2472.96,2003-01-09,Shipped,Vintage Cars,44,2003,0.025,52.416
10102,S18_1367,41,50.14,2055.74,2003-01-10,Shipped,Vintage Cars,53,2003,0.025,48.8865
10103,S18_2957,35,57.46,2011.1,2003-01-29,Shipped,Vintage Cars,62,2003,0.025,56.0235
10103,S18_4668,41,47.29,1938.89,2003-01-29,Shipped,Vintage Cars,50,2003,0.025,46.107749999999996
10103,S32_3522,45,75.63,3403.35,2003-01-29,Shipped,Trucks and Buses,64,2003,0.025,73.73925
10104,S24_1444,35,55.49,1942.15,2003-01-31,Shipped,Classic Cars,57,2003,0.025,54.10275
10104,S24_2840,44,39.6,1742.4,2003-01-31,Shipped,Classic Cars,35,2003,0.025,38.61
10104,S32_2509,35,47.62,1666.7,2003-01-31,Shipped,Trucks and Buses,54,2003,0.025,46.4295
10105,S18_4522,41,82.5,3382.5,2003-02-11,Shipped,Vintage Cars,87,2003,0.025,80.4375
10105,S24_3151,44,72.58,3193.52,2003-02-11,Shipped,Vintage Cars,88,2003,0.025,70.7655
10105,S24_3816,50,79.67,3983.5,2003-02-11,Shipped,Vintage Cars,83,2003,0.025,77.67825
10106,S24_3420,31,52.6,1630.6,2003-02-17,Shipped,Vintage Cars,65,2003,0.025,51.285000000000004
10106,S32_4289,33,72.92,2406.36,2003-02-17,Shipped,Vintage Cars,68,2003,0.025,71.09700000000001
10106,S50_1341,39,40.15,1565.85,2003-02-17,Shipped,Vintage Cars,43,2003,0.025,39.14625
10107,S10_2016,39,99.91,3896.49,2003-02-24,Shipped,Motorcycles,118,2003,0.025,97.41225
10107,S24_2000,38,83.03,3155.14,2003-02-24,Shipped,Motorcycles,76,2003,0.025,80.95425
10108,S12_3990,39,89.38,3485.82,2003-03-03,Shipped,Classic Cars,79,2003,0.025,87.1455
10108,S18_1889,38,82.39,3130.82,2003-03-03,Shipped,Classic Cars,77,2003,0.025,80.33025
10108,S18_3782,43,67.77,2914.11,2003-03-03,Shipped,Motorcycles,62,2003,0.025,66.07575
10108,S24_2360,35,58.87,2060.45,2003-03-03,Shipped,Motorcycles,69,2003,0.025,57.39825
10108,S24_4620,31,68.71,2130.01,2003-03-03,Shipped,Classic Cars,80,2003,0.025,66.99225
10108,S50_4713,34,82.99,2821.66,2003-03-03,Shipped,Motorcycles,81,2003,0.025,80.91525
10110,S18_2248,32,50.25,1608.0,2003-03-18,Shipped,Vintage Cars,60,2003,0.025,48.99375
10110,S18_4933,42,61.29,2574.18,2003-03-18,Shipped,Classic Cars,71,2003,0.025,59.75775
10110,S24_1046,36,85.25,3069.0,2003-03-18,Shipped,Classic Cars,73,2003,0.025,83.11875
10110,S24_2022,39,44.35,1729.65,2003-03-18,Shipped,Vintage Cars,44,2003,0.025,43.24125
10110,S24_2766,43,78.15,3360.45,2003-03-18,Shipped,Classic Cars,90,2003,0.025,76.19625
10110,S24_3969,48,34.47,1654.56,2003-03-18,Shipped,Vintage Cars,41,2003,0.025,33.60825
10111,S18_1342,33,99.66,3288.78,2003-03-25,Shipped,Vintage Cars,102,2003,0.025,97.1685
10111,S18_1367,48,49.06,2354.88,2003-03-25,Shipped,Vintage Cars,53,2003,0.025,47.8335
10113,S18_4668,50,49.81,2490.5,2003-03-26,Shipped,Vintage Cars,50,2003,0.025,48.564750000000004
10114,S18_2432,45,68.67,3090.15,2003-04-01,Shipped,Trucks and Buses,60,2003,0.025,66.95325
10115,S24_1444,47,69.36,3259.92,2003-04-04,Shipped,Classic Cars,57,2003,0.025,67.626
10119,S24_3151,35,87.62,3066.7,2003-04-28,Shipped,Vintage Cars,88,2003,0.025,85.4295
10119,S24_3816,35,90.57,3169.95,2003-04-28,Shipped,Vintage Cars,83,2003,0.025,88.30574999999999
10120,S18_2625,46,58.15,2674.9,2003-04-29,Shipped,Motorcycles,60,2003,0.025,56.69625
10120,S24_1578,35,98.05,3431.75,2003-04-29,Shipped,Motorcycles,112,2003,0.025,95.59875
10120,S24_2000,34,83.79,2848.86,2003-04-29,Shipped,Motorcycles,76,2003,0.025,81.69525
10120,S50_1341,49,50.62,2480.38,2003-04-29,Shipped,Vintage Cars,43,2003,0.025,49.354499999999994
10121,S10_1678,34,81.35,2765.9,2003-05-07,Shipped,Motorcycles,95,2003,0.025,79.31625
10121,S24_2360,32,76.88,2460.16,2003-05-07,Shipped,Motorcycles,69,2003,0.025,74.958
10121,S50_4713,44,74.85,3293.4,2003-05-07,Shipped,Motorcycles,81,2003,0.025,72.97874999999999
10122,S12_3380,37,99.82,3693.34,2003-05-08,Shipped,Classic Cars,117,2003,0.025,97.3245
10122,S12_3990,32,63.84,2042.88,2003-05-08,Shipped,Classic Cars,79,2003,0.025,62.244
10122,S18_1889,43,72.38,3112.34,2003-05-08,Shipped,Classic Cars,77,2003,0.025,70.5705
10122,S18_3782,35,49.74,1740.9,2003-05-08,Shipped,Motorcycles,62,2003,0.025,48.496500000000005
10122,S24_2972,39,30.96,1207.44,2003-05-08,Shipped,Classic Cars,37,2003,0.025,30.186
10122,S24_3371,34,50.21,1707.14,2003-05-08,Shipped,Classic Cars,61,2003,0.025,48.954750000000004
10122,S32_2206,31,44.66,1384.46,2003-05-08,Shipped,Motorcycles,40,2003,0.025,43.543499999999995
10123,S24_1628,50,59.87,2993.5,2003-05-20,Shipped,Classic Cars,50,2003,0.025,58.37325
10124,S18_2248,42,53.88,2262.96,2003-05-21,Shipped,Vintage Cars,60,2003,0.025,52.533
10124,S18_4409,36,85.59,3081.24,2003-05-21,Shipped,Vintage Cars,92,2003,0.025,83.45025
10124,S24_1937,45,37.84,1702.8,2003-05-21,Shipped,Vintage Cars,33,2003,0.025,36.894000000000005
10124,S24_2766,32,72.7,2326.4,2003-05-21,Shipped,Classic Cars,90,2003,0.025,70.88250000000001
10124,S24_3191,49,83.04,4068.96,2003-05-21,Shipped,Classic Cars,85,2003,0.025,80.96400000000001
10124,S24_3969,46,33.23,1528.58,2003-05-21,Shipped,Vintage Cars,41,2003,0.025,32.399249999999995
10126,S18_1367,42,54.99,2309.58,2003-05-28,Shipped,Vintage Cars,53,2003,0.025,53.61525
10126,S18_2432,43,65.02,2795.86,2003-05-28,Shipped,Trucks and Buses,60,2003,0.025,63.394499999999994
10126,S18_2949,31,90.17,2795.27,2003-05-28,Shipped,Vintage Cars,101,2003,0.025,87.91575
10126,S18_2957,46,73.7,3390.2,2003-05-28,Shipped,Vintage Cars,62,2003,0.025,71.8575
10126,S18_3320,38,82.34,3128.92,2003-05-28,Shipped,Vintage Cars,99,2003,0.025,80.28150000000001
10126,S18_4668,43,53.83,2314.69,2003-05-28,Shipped,Vintage Cars,50,2003,0.025,52.484249999999996
10126,S32_1268,43,96.31,4141.33,2003-05-28,Shipped,Trucks and Buses,96,2003,0.025,93.90225000000001
10127,S24_2840,39,38.19,1489.41,2003-06-03,Shipped,Classic Cars,35,2003,0.025,37.23525
10127,S32_2509,45,51.95,2337.75,2003-06-03,Shipped,Trucks and Buses,54,2003,0.025,50.651250000000005
10128,S18_4522,43,92.16,3962.88,2003-06-06,Shipped,Vintage Cars,87,2003,0.025,89.856
10129,S24_3151,41,94.71,3883.11,2003-06-12,Shipped,Vintage Cars,88,2003,0.025,92.34224999999999
10129,S24_3816,50,77.99,3899.5,2003-06-12,Shipped,Vintage Cars,83,2003,0.025,76.04025
10133,S32_4289,49,57.1,2797.9,2003-06-27,Shipped,Vintage Cars,68,2003,0.025,55.6725
10134,S10_1678,41,94.74,3884.34,2003-07-01,Shipped,Motorcycles,95,2003,0.025,92.3715
10134,S24_1578,35,93.54,3273.9,2003-07-01,Shipped,Motorcycles,112,2003,0.025,91.20150000000001
10134,S24_2000,43,83.03,3570.29,2003-07-01,Shipped,Motorcycles,76,2003,0.025,80.95425
10135,S18_1889,48,79.31,3806.88,2003-07-02,Shipped,Classic Cars,77,2003,0.025,77.32725
10135,S18_3278,45,78.0,3510.0,2003-07-02,Shipped,Classic Cars,80,2003,0.025,76.05
10135,S18_3782,45,50.36,2266.2,2003-07-02,Shipped,Motorcycles,62,2003,0.025,49.101
10135,S32_2206,33,40.23,1327.59,2003-07-02,Shipped,Motorcycles,40,2003,0.025,39.22425
10135,S50_4713,44,96.0,4224.0,2003-07-02,Shipped,Motorcycles,81,2003,0.025,93.6
10137,S18_1589,44,99.55,4380.2,2003-07-10,Shipped,Classic Cars,124,2003,0.025,97.06125
10139,S18_1367,49,43.13,2113.37,2003-07-16,Shipped,Vintage Cars,53,2003,0.025,42.051750000000006
10140,S18_2432,46,61.99,2851.54,2003-07-24,Shipped,Trucks and Buses,60,2003,0.025,60.44025
10141,S24_4048,40,94.62,3784.8,2003-08-01,Shipped,Classic Cars,118,2003,0.025,92.25450000000001
10142,S24_3151,49,98.25,4814.25,2003-08-08,Shipped,Vintage Cars,88,2003,0.025,95.79375
10143,S24_3420,33,77.59,2560.47,2003-08-10,Shipped,Vintage Cars,65,2003,0.025,75.65025
10143,S50_1341,34,36.66,1246.44,2003-08-10,Shipped,Vintage Cars,43,2003,0.025,35.7435
10145,S10_1678,45,83.26,3746.7,2003-08-25,Shipped,Motorcycles,95,2003,0.025,81.1785
10145,S24_1578,43,95.8,4119.4,2003-08-25,Shipped,Motorcycles,112,2003,0.025,93.405
10145,S24_2000,47,83.03,3902.41,2003-08-25,Shipped,Motorcycles,76,2003,0.025,80.95425
10145,S32_1374,33,93.9,3098.7,2003-08-25,Shipped,Motorcycles,99,2003,0.025,91.55250000000001
10145,S32_2206,31,35.8,1109.8,2003-08-25,Shipped,Motorcycles,40,2003,0.025,34.904999999999994
10145,S50_4713,38,81.36,3091.68,2003-08-25,Shipped,Motorcycles,81,2003,0.025,79.326
10146,S18_3782,47,67.14,3155.58,2003-09-03,Shipped,Motorcycles,62,2003,0.025,65.4615
10147,S12_4675,33,97.89,3230.37,2003-09-05,Shipped,Classic Cars,115,2003,0.025,95.44275
10147,S18_3278,36,86.04,3097.44,2003-09-05,Shipped,Classic Cars,80,2003,0.025,83.88900000000001
10147,S24_4620,31,64.67,2004.77,2003-09-05,Shipped,Classic Cars,80,2003,0.025,63.05325
10148,S24_1628,47,56.85,2671.95,2003-09-11,Shipped,Classic Cars,50,2003,0.025,55.42875
10148,S24_3191,31,73.62,2282.22,2003-09-11,Shipped,Classic Cars,85,2003,0.025,71.7795
10149,S18_3320,42,94.25,3958.5,2003-09-12,Shipped,Vintage Cars,99,2003,0.025,91.89375
10149,S24_1937,36,33.19,1194.84,2003-09-12,Shipped,Vintage Cars,33,2003,0.025,32.36025
10149,S24_2022,49,49.28,2414.72,2003-09-12,Shipped,Vintage Cars,44,2003,0.025,48.048
10150,S18_2949,47,91.18,4285.46,2003-09-19,Shipped,Vintage Cars,101,2003,0.025,88.90050000000001
10150,S32_3522,49,58.18,2850.82,2003-09-19,Shipped,Trucks and Buses,64,2003,0.025,56.7255
10151,S18_2432,39,69.28,2701.92,2003-09-21,Shipped,Trucks and Buses,60,2003,0.025,67.548
10151,S32_2509,41,63.85,2617.85,2003-09-21,Shipped,Trucks and Buses,54,2003,0.025,62.253750000000004
10154,S24_3151,31,91.17,2826.27,2003-10-02,Shipped,Vintage Cars,88,2003,0.025,88.89075
10155,S24_3420,34,55.89,1900.26,2003-10-06,Shipped,Vintage Cars,65,2003,0.025,54.49275
10155,S24_3816,37,67.93,2513.41,2003-10-06,Shipped,Vintage Cars,83,2003,0.025,66.23175
10159,S18_2625,42,51.48,2162.16,2003-10-10,Shipped,Motorcycles,60,2003,0.025,50.193
10159,S24_3371,50,69.8,3490.0,2003-10-10,Shipped,Classic Cars,61,2003,0.025,68.05499999999999
10159,S32_2206,35,35.4,1239.0,2003-10-10,Shipped,Motorcycles,40,2003,0.025,34.515
10159,S50_4713,31,71.6,2219.6,2003-10-10,Shipped,Motorcycles,81,2003,0.025,69.80999999999999
10160,S18_1889,38,88.55,3364.9,2003-10-11,Shipped,Classic Cars,77,2003,0.025,86.33624999999999
10160,S24_2972,42,37.0,1554.0,2003-10-11,Shipped,Classic Cars,37,2003,0.025,36.075
10161,S24_1046,37,72.76,2692.12,2003-10-17,Shipped,Classic Cars,73,2003,0.025,70.941
10162,S18_1342,48,91.44,4389.12,2003-10-18,Shipped,Vintage Cars,102,2003,0.025,89.154
10162,S18_1367,45,51.21,2304.45,2003-10-18,Shipped,Vintage Cars,53,2003,0.025,49.92975
10162,S24_1937,37,27.22,1007.14,2003-10-18,Shipped,Vintage Cars,33,2003,0.025,26.5395
10162,S24_2022,43,36.29,1560.47,2003-10-18,Shipped,Vintage Cars,44,2003,0.025,35.38275
10162,S24_3969,37,38.98,1442.26,2003-10-18,Shipped,Vintage Cars,41,2003,0.025,38.0055
10163,S18_2957,48,69.96,3358.08,2003-10-20,Shipped,Vintage Cars,62,2003,0.025,68.211
10163,S24_4258,42,91.55,3845.1,2003-10-20,Shipped,Vintage Cars,97,2003,0.025,89.26125
10164,S18_1097,36,99.17,3570.12,2003-10-21,Resolved,Trucks and Buses,116,2003,0.025,96.69075000000001
10164,S32_3522,49,54.94,2692.06,2003-10-21,Resolved,Trucks and Buses,64,2003,0.025,53.5665
10164,S700_2824,39,81.93,3195.27,2003-10-21,Resolved,Classic Cars,101,2003,0.025,79.88175000000001
10165,S18_2432,31,71.1,2204.1,2003-10-22,Shipped,Trucks and Buses,60,2003,0.025,69.32249999999999
10165,S32_2509,48,45.99,2207.52,2003-10-22,Shipped,Trucks and Buses,54,2003,0.025,44.840250000000005
10165,S50_1392,48,94.92,4556.16,2003-10-22,Shipped,Trucks and Buses,115,2003,0.025,92.547
10167,S24_3420,32,63.12,2019.84,2003-10-23,Cancelled,Vintage Cars,65,2003,0.025,61.541999999999994
10168,S10_1678,36,96.66,3479.76,2003-10-28,Shipped,Motorcycles,95,2003,0.025,94.2435
10168,S18_2625,46,61.18,2814.28,2003-10-28,Shipped,Motorcycles,60,2003,0.025,59.6505
10168,S32_4289,31,73.61,2281.91,2003-10-28,Shipped,Vintage Cars,68,2003,0.025,71.76975
10168,S50_1341,48,51.93,2492.64,2003-10-28,Shipped,Vintage Cars,43,2003,0.025,50.63175
10169,S12_3990,36,63.84,2298.24,2003-11-04,Shipped,Classic Cars,79,2003,0.025,62.244
10169,S18_3278,32,70.76,2264.32,2003-11-04,Shipped,Classic Cars,80,2003,0.025,68.991
10169,S18_3782,38,68.39,2598.82,2003-11-04,Shipped,Motorcycles,62,2003,0.025,66.68025
10169,S24_2360,38,74.11,2816.18,2003-11-04,Shipped,Motorcycles,69,2003,0.025,72.25725
10169,S24_3371,34,50.21,1707.14,2003-11-04,Shipped,Classic Cars,61,2003,0.025,48.954750000000004
10169,S50_4713,48,80.55,3866.4,2003-11-04,Shipped,Motorcycles,81,2003,0.025,78.53625
10171,S24_2972,36,35.49,1277.64,2003-11-05,Shipped,Classic Cars,37,2003,0.025,34.60275
10172,S24_1046,32,75.69,2422.08,2003-11-05,Shipped,Classic Cars,73,2003,0.025,73.79775
10172,S24_1628,34,42.76,1453.84,2003-11-05,Shipped,Classic Cars,50,2003,0.025,41.690999999999995
10173,S18_1367,48,44.21,2122.08,2003-11-05,Shipped,Vintage Cars,53,2003,0.025,43.10475
10173,S18_3136,31,89.01,2759.31,2003-11-05,Shipped,Vintage Cars,104,2003,0.025,86.78475
10173,S18_4933,39,71.98,2807.22,2003-11-05,Shipped,Classic Cars,71,2003,0.025,70.18050000000001
10173,S24_1937,31,31.53,977.43,2003-11-05,Shipped,Vintage Cars,33,2003,0.025,30.74175
10173,S24_3969,35,33.23,1163.05,2003-11-05,Shipped,Vintage Cars,41,2003,0.025,32.399249999999995
10174,S18_1097,48,93.34,4480.32,2003-11-06,Shipped,Trucks and Buses,116,2003,0.025,91.0065
10174,S18_4668,49,44.78,2194.22,2003-11-06,Shipped,Vintage Cars,50,2003,0.025,43.6605
10175,S18_2432,41,69.28,2840.48,2003-11-06,Shipped,Trucks and Buses,60,2003,0.025,67.548
10175,S24_2840,37,31.12,1151.44,2003-11-06,Shipped,Classic Cars,35,2003,0.025,30.342000000000002
10175,S32_2509,50,63.31,3165.5,2003-11-06,Shipped,Trucks and Buses,54,2003,0.025,61.727250000000005
10175,S700_2824,42,85.98,3611.16,2003-11-06,Shipped,Classic Cars,101,2003,0.025,83.8305
10177,S18_4522,35,74.6,2611.0,2003-11-07,Shipped,Vintage Cars,87,2003,0.025,72.735
10177,S24_3151,45,72.58,3266.1,2003-11-07,Shipped,Vintage Cars,88,2003,0.025,70.7655
10180,S24_2360,35,72.03,2521.05,2003-11-11,Shipped,Motorcycles,69,2003,0.025,70.22925000000001
10180,S32_2206,34,45.46,1545.64,2003-11-11,Shipped,Motorcycles,40,2003,0.025,44.3235
10181,S24_1628,34,53.83,1830.22,2003-11-12,Shipped,Classic Cars,50,2003,0.025,52.484249999999996
10181,S24_2972,37,42.67,1578.79,2003-11-12,Shipped,Classic Cars,37,2003,0.025,41.60325
10182,S18_1367,32,54.45,1742.4,2003-11-12,Shipped,Vintage Cars,53,2003,0.025,53.088750000000005
10182,S18_2248,38,61.15,2323.7,2003-11-12,Shipped,Vintage Cars,60,2003,0.025,59.621249999999996
10182,S18_3320,33,86.31,2848.23,2003-11-12,Shipped,Vintage Cars,99,2003,0.025,84.15225000000001
10182,S18_4933,44,69.84,3072.96,2003-11-12,Shipped,Classic Cars,71,2003,0.025,68.09400000000001
10182,S24_1046,47,74.22,3488.34,2003-11-12,Shipped,Classic Cars,73,2003,0.025,72.36449999999999
10182,S24_1937,39,36.84,1436.76,2003-11-12,Shipped,Vintage Cars,33,2003,0.025,35.919000000000004
10182,S24_2022,31,36.74,1138.94,2003-11-12,Shipped,Vintage Cars,44,2003,0.025,35.8215
10182,S24_2766,36,73.6,2649.6,2003-11-12,Shipped,Classic Cars,90,2003,0.025,71.75999999999999
10182,S24_3191,33,94.17,3107.61,2003-11-12,Shipped,Classic Cars,85,2003,0.025,91.81575000000001
10183,S18_2949,37,89.15,3298.55,2003-11-13,Shipped,Vintage Cars,101,2003,0.025,86.92125
10183,S18_2957,39,68.08,2655.12,2003-11-13,Shipped,Vintage Cars,62,2003,0.025,66.378
10183,S18_4668,40,49.3,1972.0,2003-11-13,Shipped,Vintage Cars,50,2003,0.025,48.067499999999995
10183,S32_3522,49,64.64,3167.36,2003-11-13,Shipped,Trucks and Buses,64,2003,0.025,63.024
10184,S18_2432,44,60.16,2647.04,2003-11-14,Shipped,Trucks and Buses,60,2003,0.025,58.656
10184,S24_1444,31,60.11,1863.41,2003-11-14,Shipped,Classic Cars,57,2003,0.025,58.60725
10184,S24_2840,42,31.82,1336.44,2003-11-14,Shipped,Classic Cars,35,2003,0.025,31.0245
10184,S32_2509,33,62.77,2071.41,2003-11-14,Shipped,Trucks and Buses,54,2003,0.025,61.20075
10185,S18_4522,47,77.24,3630.28,2003-11-14,Shipped,Vintage Cars,87,2003,0.025,75.309
10185,S24_3151,33,74.35,2453.55,2003-11-14,Shipped,Vintage Cars,88,2003,0.025,72.49125
10186,S24_3816,36,85.54,3079.44,2003-11-14,Shipped,Vintage Cars,83,2003,0.025,83.40150000000001
10188,S10_2016,38,96.34,3660.92,2003-11-18,Shipped,Motorcycles,118,2003,0.025,93.9315
10188,S18_2625,32,65.42,2093.44,2003-11-18,Shipped,Motorcycles,60,2003,0.025,63.7845
10188,S24_2000,40,91.4,3656.0,2003-11-18,Shipped,Motorcycles,76,2003,0.025,89.11500000000001
10188,S32_1374,44,98.89,4351.16,2003-11-18,Shipped,Motorcycles,99,2003,0.025,96.41775
10190,S24_2360,42,76.19,3199.98,2003-11-19,Shipped,Motorcycles,69,2003,0.025,74.28524999999999
10190,S32_2206,46,32.99,1517.54,2003-11-19,Shipped,Motorcycles,40,2003,0.025,32.16525
10190,S32_4485,42,85.72,3600.24,2003-11-19,Shipped,Motorcycles,102,2003,0.025,83.577
10190,S50_4713,40,66.72,2668.8,2003-11-19,Shipped,Motorcycles,81,2003,0.025,65.05199999999999
10191,S18_3278,36,94.88,3415.68,2003-11-20,Shipped,Classic Cars,80,2003,0.025,92.508
10191,S18_3782,43,72.74,3127.82,2003-11-20,Shipped,Motorcycles,62,2003,0.025,70.9215
10191,S24_3371,48,60.01,2880.48,2003-11-20,Shipped,Classic Cars,61,2003,0.025,58.50975
10191,S24_4620,44,66.29,2916.76,2003-11-20,Shipped,Classic Cars,80,2003,0.025,64.63275
10192,S18_1889,45,90.86,4088.7,2003-11-20,Shipped,Classic Cars,77,2003,0.025,88.5885
10192,S24_1046,37,69.82,2583.34,2003-11-20,Shipped,Classic Cars,73,2003,0.025,68.0745
10192,S24_1628,47,53.83,2530.01,2003-11-20,Shipped,Classic Cars,50,2003,0.025,52.484249999999996
10192,S24_2766,46,83.6,3845.6,2003-11-20,Shipped,Classic Cars,90,2003,0.025,81.50999999999999
10192,S24_3191,32,72.77,2328.64,2003-11-20,Shipped,Classic Cars,85,2003,0.025,70.95075
10193,S18_1367,46,53.37,2455.02,2003-11-21,Shipped,Vintage Cars,53,2003,0.025,52.03575
10193,S18_2248,42,59.33,2491.86,2003-11-21,Shipped,Vintage Cars,60,2003,0.025,57.84675
10193,S18_3320,32,79.37,2539.84,2003-11-21,Shipped,Vintage Cars,99,2003,0.025,77.38575
10194,S18_2432,45,70.49,3172.05,2003-11-25,Shipped,Trucks and Buses,60,2003,0.025,68.72775
10194,S18_4668,41,44.78,1835.98,2003-11-25,Shipped,Vintage Cars,50,2003,0.025,43.6605
10194,S32_1268,37,97.27,3598.99,2003-11-25,Shipped,Trucks and Buses,96,2003,0.025,94.83825
10194,S32_3522,39,54.94,2142.66,2003-11-25,Shipped,Trucks and Buses,64,2003,0.025,53.5665
10195,S24_1444,44,66.47,2924.68,2003-11-25,Shipped,Classic Cars,57,2003,0.025,64.80825
10195,S24_2840,32,28.29,905.28,2003-11-25,Shipped,Classic Cars,35,2003,0.025,27.58275
10195,S32_2509,32,43.29,1385.28,2003-11-25,Shipped,Trucks and Buses,54,2003,0.025,42.20775
10197,S24_3151,47,83.2,3910.4,2003-11-26,Shipped,Vintage Cars,88,2003,0.025,81.12
10203,S12_3990,44,82.99,3651.56,2003-12-02,Shipped,Classic Cars,79,2003,0.025,80.91525
10203,S18_1889,45,85.47,3846.15,2003-12-02,Shipped,Classic Cars,77,2003,0.025,83.33324999999999
10203,S18_3278,33,86.04,2839.32,2003-12-02,Shipped,Classic Cars,80,2003,0.025,83.88900000000001
10203,S24_3371,34,64.9,2206.6,2003-12-02,Shipped,Classic Cars,61,2003,0.025,63.2775
10204,S18_4933,45,76.26,3431.7,2003-12-02,Shipped,Classic Cars,71,2003,0.025,74.35350000000001
10204,S24_1628,45,49.81,2241.45,2003-12-02,Shipped,Classic Cars,50,2003,0.025,48.564750000000004
10204,S24_2766,47,96.32,4527.04,2003-12-02,Shipped,Classic Cars,90,2003,0.025,93.91199999999999
10204,S24_3191,40,79.62,3184.8,2003-12-02,Shipped,Classic Cars,85,2003,0.025,77.62950000000001
10204,S24_3432,48,91.02,4368.96,2003-12-02,Shipped,Classic Cars,107,2003,0.025,88.7445
10204,S24_3969,39,33.23,1295.97,2003-12-02,Shipped,Vintage Cars,41,2003,0.025,32.399249999999995
10205,S18_1367,48,63.61,3053.28,2003-12-03,Shipped,Vintage Cars,53,2003,0.025,62.01975
10205,S24_1937,32,37.17,1189.44,2003-12-03,Shipped,Vintage Cars,33,2003,0.025,36.24075
10206,S18_2949,37,90.17,3336.29,2003-12-05,Shipped,Vintage Cars,101,2003,0.025,87.91575
10206,S24_4258,33,97.39,3213.87,2003-12-05,Shipped,Vintage Cars,97,2003,0.025,94.95525
10206,S32_3522,36,58.82,2117.52,2003-12-05,Shipped,Trucks and Buses,64,2003,0.025,57.3495
10207,S12_4473,34,99.54,3384.36,2003-12-09,Shipped,Trucks and Buses,118,2003,0.025,97.0515
10207,S18_2432,37,69.89,2585.93,2003-12-09,Shipped,Trucks and Buses,60,2003,0.025,68.14275
10207,S24_1444,49,46.82,2294.18,2003-12-09,Shipped,Classic Cars,57,2003,0.025,45.6495
10207,S24_2840,42,29.7,1247.4,2003-12-09,Shipped,Classic Cars,35,2003,0.025,28.9575
10207,S32_1268,49,80.9,3964.1,2003-12-09,Shipped,Trucks and Buses,96,2003,0.025,78.87750000000001
10300,S18_1889,41,92.4,3788.4,2003-10-04,Shipped,Classic Cars,77,2003,0.025,90.09
10300,S18_3278,49,78.8,3861.2,2003-10-04,Shipped,Classic Cars,80,2003,0.025,76.83
10300,S24_3371,31,58.78,1822.18,2003-10-04,Shipped,Classic Cars,61,2003,0.025,57.310500000000005
10301,S24_2972,48,34.36,1649.28,2003-10-05,Shipped,Classic Cars,37,2003,0.025,33.501
10302,S18_4409,38,89.27,3392.26,2003-10-06,Shipped,Vintage Cars,92,2003,0.025,87.03824999999999
10302,S24_3191,48,74.48,3575.04,2003-10-06,Shipped,Classic Cars,85,2003,0.025,72.61800000000001
