ORDERNUMBER,PRODUCTCODE,QUANTITYORDERED,PRICEEACH,SALES,ORDERDATE,STATUS,PRODUCTLINE,MSRP
10362,S18_2625,23,49.67,1142.41,2005-01-05,Shipped,Motorcycles,60
10362,S24_1578,50,96.92,4846.0,2005-01-05,Shipped,Motorcycles,112
10363,S12_1099,33,85.39,2817.87,2005-01-06,Shipped,Classic Cars,194
10363,S12_3380,34,96.73,3288.82,2005-01-06,Shipped,Classic Cars,117
10363,S12_3990,34,81.62,2775.08,2005-01-06,Shipped,Classic Cars,79
10363,S12_4675,46,88.45,4068.7,2005-01-06,Shipped,Classic Cars,115
10363,S18_3278,46,60.3,2773.8,2005-01-06,Shipped,Classic Cars,80
10363,S18_3782,32,89.12,2851.84,2005-01-06,Shipped,Motorcycles,62
10363,S18_4721,28,58.18,1629.04,2005-01-06,Shipped,Classic Cars,148
10363,S24_2360,43,61.23,2632.89,2005-01-06,Shipped,Motorcycles,69
10363,S24_3856,31,94.58,2931.98,2005-01-06,Shipped,Classic Cars,140
10364,S32_2206,48,48.28,2317.44,2005-01-06,Shipped,Motorcycles,40
10365,S18_1129,30,87.06,2611.8,2005-01-07,Shipped,Classic Cars,141
10367,S18_1589,49,56.3,2758.7,2005-01-12,Resolved,Classic Cars,124
10367,S18_2795,32,94.79,3033.28,2005-01-12,Resolved,Vintage Cars,168
10367,S18_4409,43,62.72,2696.96,2005-01-12,Resolved,Vintage Cars,92
10367,S18_4933,44,85.25,3751.0,2005-01-12,Resolved,Classic Cars,71
10367,S24_1046,21,60.37,1267.77,2005-01-12,Resolved,Classic Cars,73
10367,S24_1628,38,38.5,1463.0,2005-01-12,Resolved,Classic Cars,50
10367,S24_1937,23,36.29,834.67,2005-01-12,Resolved,Vintage Cars,33
10367,S24_2022,28,30.59,856.52,2005-01-12,Resolved,Vintage Cars,44
10368,S24_3191,46,79.62,3662.52,2005-01-19,Shipped,Classic Cars,85
10368,S24_3432,20,99.58,1991.6,2005-01-19,Shipped,Classic Cars,107
10368,S24_3969,46,37.34,1717.64,2005-01-19,Shipped,Vintage Cars,41
10369,S18_1367,32,98.63,3156.16,2005-01-20,Shipped,Vintage Cars,53
10369,S18_2957,28,44.21,1237.88,2005-01-20,Shipped,Vintage Cars,62
10369,S18_3136,21,94.22,1978.62,2005-01-20,Shipped,Vintage Cars,104
10369,S18_3320,45,73.08,3288.6,2005-01-20,Shipped,Vintage Cars,99
10369,S24_4258,40,86.92,3476.8,2005-01-20,Shipped,Vintage Cars,97
10370,S10_4962,35,65.63,2297.05,2005-01-20,Shipped,Classic Cars,147
10370,S18_2432,22,96.86,2130.92,2005-01-20,Shipped,Trucks and Buses,60
10370,S18_3232,27,56.85,1534.95,2005-01-20,Shipped,Classic Cars,169
10370,S18_4600,29,57.53,1668.37,2005-01-20,Shipped,Trucks and Buses,121
10371,S12_4473,49,35.71,1749.79,2005-01-23,Shipped,Trucks and Buses,118
10371,S24_1444,25,97.27,2431.75,2005-01-23,Shipped,Classic Cars,57
10371,S24_4048,28,50.32,1408.96,2005-01-23,Shipped,Classic Cars,118
10371,S32_2509,20,66.47,1329.4,2005-01-23,Shipped,Trucks and Buses,54
10371,S32_3207,30,99.55,2986.5,2005-01-23,Shipped,Trains,62
10371,S50_1392,48,56.55,2714.4,2005-01-23,Shipped,Trucks and Buses,115
10372,S18_3259,25,84.71,2117.75,2005-01-26,Shipped,Trains,100
10372,S18_4522,41,86.89,3562.49,2005-01-26,Shipped,Vintage Cars,87
10372,S50_1514,24,58.58,1405.92,2005-01-26,Shipped,Trains,58
10373,S18_1662,28,57.55,1611.4,2005-01-31,Shipped,Planes,157
10373,S18_3029,22,86.74,1908.28,2005-01-31,Shipped,Ships,86
10373,S18_3856,50,60.49,3024.5,2005-01-31,Shipped,Vintage Cars,105
10373,S24_2841,38,70.44,2676.72,2005-01-31,Shipped,Planes,68
10373,S24_3151,33,57.32,1891.56,2005-01-31,Shipped,Vintage Cars,88
10373,S24_3420,46,66.0,3036.0,2005-01-31,Shipped,Vintage Cars,65
10373,S24_3949,39,73.0,2847.0,2005-01-31,Shipped,Planes,68
10373,S700_2047,32,84.41,2701.12,2005-01-31,Shipped,Ships,90
10373,S700_2610,41,70.33,2883.53,2005-01-31,Shipped,Ships,72
10373,S700_3505,34,96.34,3275.56,2005-01-31,Shipped,Ships,100
10373,S700_4002,45,55.62,2502.9,2005-01-31,Shipped,Planes,74
10373,S72_1253,25,64.97,1624.25,2005-01-31,Shipped,Planes,49
10374,S18_2581,42,69.27,2909.34,2005-02-02,Shipped,Planes,84
10374,S18_2625,22,53.3,1172.6,2005-02-02,Shipped,Motorcycles,60
10374,S24_1785,46,94.1,4328.6,2005-02-02,Shipped,Planes,109
10375,S10_1678,21,34.91,733.11,2005-02-03,Shipped,Motorcycles,95
10375,S12_1099,45,76.0,3420.0,2005-02-03,Shipped,Classic Cars,194
10375,S12_2823,49,78.92,3867.08,2005-02-03,Shipped,Motorcycles,150
10375,S32_4289,44,82.26,3619.44,2005-02-03,Shipped,Vintage Cars,68
10375,S50_1341,49,65.8,3224.2,2005-02-03,Shipped,Vintage Cars,43
10375,S700_1691,37,81.87,3029.19,2005-02-03,Shipped,Planes,91
10375,S700_2834,25,66.73,1668.25,2005-02-03,Shipped,Planes,118
10377,S12_3990,24,67.83,1627.92,2005-02-09,Shipped,Classic Cars,79
10377,S18_1889,31,67.76,2100.56,2005-02-09,Shipped,Classic Cars,77
10378,S18_1589,34,42.64,1449.76,2005-02-10,Shipped,Classic Cars,124
10378,S18_3482,43,96.49,4149.07,2005-02-10,Shipped,Classic Cars,146
10378,S18_4721,49,67.14,3289.86,2005-02-10,Shipped,Classic Cars,148
10378,S24_3371,46,41.54,1910.84,2005-02-10,Shipped,Classic Cars,61
10378,S24_3856,33,53.27,1757.91,2005-02-10,Shipped,Classic Cars,140
10378,S32_2206,40,82.46,3298.4,2005-02-10,Shipped,Motorcycles,40
10379,S18_2248,27,49.3,1331.1,2005-02-10,Shipped,Vintage Cars,60
10379,S18_3685,32,70.83,2266.56,2005-02-10,Shipped,Classic Cars,141
10380,S18_1342,27,93.16,2515.32,2005-02-16,Shipped,Vintage Cars,102
10380,S18_2795,21,47.18,990.78,2005-02-16,Shipped,Vintage Cars,168
10380,S24_1937,32,70.56,2257.92,2005-02-16,Shipped,Vintage Cars,33
10380,S24_2022,27,68.35,1845.45,2005-02-16,Shipped,Vintage Cars,44
10380,S24_2766,36,37.5,1350.0,2005-02-16,Shipped,Classic Cars,90
10380,S24_2887,44,36.29,1596.76,2005-02-16,Shipped,Classic Cars,117
10380,S24_3191,44,79.06,3478.64,2005-02-16,Shipped,Classic Cars,85
10380,S24_3969,43,95.03,4086.29,2005-02-16,Shipped,Vintage Cars,41
10381,S18_1097,48,98.0,4704.0,2005-02-17,Shipped,Trucks and Buses,116
10381,S18_1367,25,52.83,1320.75,2005-02-17,Shipped,Vintage Cars,53
10381,S18_2432,35,48.62,1701.7,2005-02-17,Shipped,Trucks and Buses,60
10381,S18_2957,40,68.08,2723.2,2005-02-17,Shipped,Vintage Cars,62
10382,S12_3891,34,95.35,3241.9,2005-02-17,Shipped,Classic Cars,173
10382,S12_4473,32,66.58,2130.56,2005-02-17,Shipped,Trucks and Buses,118
10382,S18_2238,25,88.0,2200.0,2005-02-17,Shipped,Classic Cars,163
10382,S700_2824,34,54.84,1864.56,2005-02-17,Shipped,Classic Cars,101
10383,S18_3140,24,61.52,1476.48,2005-02-22,Shipped,Vintage Cars,136
10383,S18_4522,28,58.58,1640.24,2005-02-22,Shipped,Vintage Cars,87
10383,S24_1444,22,91.76,2018.72,2005-02-22,Shipped,Classic Cars,57
10383,S24_4048,21,93.91,1972.11,2005-02-22,Shipped,Classic Cars,118
10383,S32_2509,32,53.18,1701.76,2005-02-22,Shipped,Trucks and Buses,54
10383,S32_3207,44,36.07,1587.08,2005-02-22,Shipped,Trains,62
10383,S50_1514,38,60.06,2282.28,2005-02-22,Shipped,Trains,58
10384,S24_2011,28,80.54,2255.12,2005-02-23,Shipped,Ships,122
10384,S24_3151,43,97.87,4208.41,2005-02-23,Shipped,Vintage Cars,88
10385,S24_3816,37,85.54,3164.98,2005-02-28,Shipped,Vintage Cars,83
10385,S700_1138,25,77.34,1933.5,2005-02-28,Shipped,Ships,66
10386,S18_1662,25,54.57,1364.25,2005-03-01,Resolved,Planes,157
10386,S18_2581,21,74.77,1570.17,2005-03-01,Resolved,Planes,84
10386,S18_3029,37,93.01,3441.37,2005-03-01,Resolved,Ships,86
10386,S18_3856,22,57.55,1266.1,2005-03-01,Resolved,Vintage Cars,105
10386,S24_1785,33,41.71,1376.43,2005-03-01,Resolved,Planes,109
10386,S24_2841,39,55.96,2182.44,2005-03-01,Resolved,Planes,68
10386,S24_3420,35,63.76,2231.6,2005-03-01,Resolved,Vintage Cars,65
10386,S24_3949,41,73.32,3006.12,2005-03-01,Resolved,Planes,68
10386,S24_4278,50,63.34,3167.0,2005-03-01,Resolved,Planes,72
10386,S700_2047,29,85.76,2487.04,2005-03-01,Resolved,Ships,90
10386,S700_2466,37,83.84,3102.08,2005-03-01,Resolved,Planes,99
10386,S700_3167,32,94.34,3018.88,2005-03-01,Resolved,Planes,80
10386,S700_3505,45,92.08,4143.6,2005-03-01,Resolved,Ships,100
10386,S700_3962,30,95.48,2864.4,2005-03-01,Resolved,Ships,99
10386,S700_4002,44,86.4,3801.6,2005-03-01,Resolved,Planes,74
10386,S72_1253,50,87.15,4357.5,2005-03-01,Resolved,Planes,49
10387,S32_1374,44,94.9,4175.6,2005-03-02,Shipped,Motorcycles,99
10388,S10_1678,42,76.36,3207.12,2005-03-03,Shipped,Motorcycles,95
10388,S10_2016,50,44.51,2225.5,2005-03-03,Shipped,Motorcycles,118
10388,S10_4698,21,86.77,1822.17,2005-03-03,Shipped,Motorcycles,193
10389,S12_1099,26,99.04,2575.04,2005-03-03,Shipped,Classic Cars,194
10389,S12_3380,25,72.38,1809.5,2005-03-03,Shipped,Classic Cars,117
10389,S12_3990,36,70.26,2529.36,2005-03-03,Shipped,Classic Cars,79
10389,S18_1889,49,79.22,3881.78,2005-03-03,Shipped,Classic Cars,77
10389,S24_2000,49,81.4,3988.6,2005-03-03,Shipped,Motorcycles,76
10390,S18_1129,36,93.77,3375.72,2005-03-04,Shipped,Classic Cars,141
10390,S18_1984,34,43.05,1463.7,2005-03-04,Shipped,Classic Cars,142
10390,S18_2325,31,98.99,3068.69,2005-03-04,Shipped,Vintage Cars,127
10390,S18_2795,26,78.11,2030.86,2005-03-04,Shipped,Vintage Cars,168
10390,S24_2360,35,65.13,2279.55,2005-03-04,Shipped,Motorcycles,69
10390,S24_3371,46,52.84,2430.64,2005-03-04,Shipped,Classic Cars,61
10390,S24_4620,30,82.42,2472.6,2005-03-04,Shipped,Classic Cars,80
10390,S32_2206,41,44.56,1826.96,2005-03-04,Shipped,Motorcycles,40
10390,S32_4485,45,48.98,2204.1,2005-03-04,Shipped,Motorcycles,102
10391,S10_4962,37,46.9,1735.3,2005-03-09,Shipped,Classic Cars,147
10391,S12_1666,39,63.2,2464.8,2005-03-09,Shipped,Trucks and Buses,136
10391,S18_1097,29,85.1,2467.9,2005-03-09,Shipped,Trucks and Buses,116
10391,S18_2432,44,38.5,1694.0,2005-03-09,Shipped,Trucks and Buses,60
10391,S18_2949,32,45.25,1448.0,2005-03-09,Shipped,Vintage Cars,101
10392,S18_2957,37,59.96,2218.52,2005-03-10,Shipped,Vintage Cars,62
10392,S18_3136,29,86.92,2520.68,2005-03-10,Shipped,Vintage Cars,104
10394,S24_1444,31,50.29,1558.99,2005-03-15,Shipped,Classic Cars,57
10394,S24_2840,46,38.9,1789.4,2005-03-15,Shipped,Classic Cars,35
10394,S32_2509,36,62.77,2259.72,2005-03-15,Shipped,Trucks and Buses,54
10394,S32_3207,30,60.28,1808.4,2005-03-15,Shipped,Trains,62
10395,S12_1108,33,69.12,2280.96,2005-03-17,Shipped,Classic Cars,207
10396,S18_3259,24,89.75,2154.0,2005-03-23,Shipped,Trains,100
10396,S24_3151,27,83.2,2246.4,2005-03-23,Shipped,Vintage Cars,88
10396,S24_3816,37,90.57,3351.09,2005-03-23,Shipped,Vintage Cars,83
10396,S700_1138,39,66.67,2600.13,2005-03-23,Shipped,Ships,66
10397,S700_1938,32,80.55,2577.6,2005-03-28,Shipped,Ships,86
10397,S700_2610,22,66.5,1463.0,2005-03-28,Shipped,Ships,72
10397,S72_3212,34,62.24,2116.16,2005-03-28,Shipped,Ships,54
10398,S18_2581,34,76.88,2613.92,2005-03-30,Shipped,Planes,84
10398,S18_3029,28,72.26,2023.28,2005-03-30,Shipped,Ships,86
10398,S24_2841,28,57.55,1611.4,2005-03-30,Shipped,Planes,68
10398,S24_3420,34,71.67,2436.78,2005-03-30,Shipped,Vintage Cars,65
10398,S24_3949,41,68.24,2797.84,2005-03-30,Shipped,Planes,68
10398,S24_4278,45,78.25,3521.25,2005-03-30,Shipped,Planes,72
10398,S32_4289,22,67.41,1483.02,2005-03-30,Shipped,Vintage Cars,68
10398,S50_1341,49,36.66,1796.34,2005-03-30,Shipped,Vintage Cars,43
10398,S700_1691,47,87.69,4121.43,2005-03-30,Shipped,Planes,91
10398,S700_2466,22,86.76,1908.72,2005-03-30,Shipped,Planes,99
10398,S700_3167,29,65.6,1902.4,2005-03-30,Shipped,Planes,80
10398,S700_4002,36,87.36,3144.96,2005-03-30,Shipped,Planes,74
10398,S72_1253,34,40.22,1367.48,2005-03-30,Shipped,Planes,49
10400,S18_3029,30,74.84,2245.2,2005-04-01,Shipped,Ships,86
10400,S24_2841,24,61.66,1479.84,2005-04-01,Shipped,Planes,68
10400,S24_3420,38,57.2,2173.6,2005-04-01,Shipped,Vintage Cars,65
10400,S24_3816,42,72.96,3064.32,2005-04-01,Shipped,Vintage Cars,83
10400,S700_2047,46,87.8,4038.8,2005-04-01,Shipped,Ships,90
10400,S72_1253,20,56.12,1122.4,2005-04-01,Shipped,Planes,49
10401,S18_2581,42,76.03,3193.26,2005-04-03,On Hold,Planes,84
10401,S24_1785,38,96.29,3659.02,2005-04-03,On Hold,Planes,109
10401,S24_3949,64,60.05,3843.2,2005-04-03,On Hold,Planes,68
10401,S24_4278,52,81.14,4219.28,2005-04-03,On Hold,Planes,72
10401,S32_4289,62,77.73,4819.26,2005-04-03,On Hold,Vintage Cars,68
10401,S50_1341,56,35.35,1979.6,2005-04-03,On Hold,Vintage Cars,43
10401,S700_2466,85,88.75,7543.75,2005-04-03,On Hold,Planes,99
10401,S700_2834,21,96.11,2018.31,2005-04-03,On Hold,Planes,118
10401,S700_3167,77,92.0,7084.0,2005-04-03,On Hold,Planes,80
10401,S700_4002,28,72.55,2031.4,2005-04-03,On Hold,Planes,74
10402,S18_2625,55,55.72,3064.6,2005-04-07,Shipped,Motorcycles,60
10402,S24_2000,59,87.6,5168.4,2005-04-07,Shipped,Motorcycles,76
10403,S18_3782,36,52.22,1879.92,2005-04-08,Shipped,Motorcycles,62
10403,S24_2360,27,79.65,2150.55,2005-04-08,Shipped,Motorcycles,69
10403,S32_2206,30,40.23,1206.9,2005-04-08,Shipped,Motorcycles,40
10403,S50_4713,31,68.34,2118.54,2005-04-08,Shipped,Motorcycles,81
10405,S12_4675,97,93.28,9048.16,2005-04-14,Shipped,Classic Cars,115
10405,S18_1889,61,73.92,4509.12,2005-04-14,Shipped,Classic Cars,77
10405,S24_2972,47,44.56,2094.32,2005-04-14,Shipped,Classic Cars,37
10407,S18_2248,42,72.65,3051.3,2005-04-22,On Hold,Vintage Cars,60
10407,S18_4409,6,90.19,541.14,2005-04-22,On Hold,Vintage Cars,92
10407,S18_4933,66,66.99,4421.34,2005-04-22,On Hold,Classic Cars,71
10407,S24_1046,26,76.43,1987.18,2005-04-22,On Hold,Classic Cars,73
10407,S24_1628,64,40.25,2576.0,2005-04-22,On Hold,Classic Cars,50
10407,S24_2766,76,94.5,7182.0,2005-04-22,On Hold,Classic Cars,90
10407,S24_2887,59,98.65,5820.35,2005-04-22,On Hold,Classic Cars,117
10407,S24_3191,13,81.33,1057.29,2005-04-22,On Hold,Classic Cars,85
10407,S24_3432,43,86.73,3729.39,2005-04-22,On Hold,Classic Cars,107
10408,S24_3969,15,36.93,553.95,2005-04-22,Shipped,Vintage Cars,41
10409,S24_1937,61,29.54,1801.94,2005-04-23,Shipped,Vintage Cars,33
10411,S18_4668,35,59.87,2095.45,2005-05-01,Shipped,Vintage Cars,50
10411,S32_3522,27,69.16,1867.32,2005-05-01,Shipped,Trucks and Buses,64
10412,S18_2319,56,98.18,5498.08,2005-05-03,Shipped,Trucks and Buses,122
10412,S18_2432,47,61.99,2913.53,2005-05-03,Shipped,Trucks and Buses,60
10412,S24_1444,21,52.6,1104.6,2005-05-03,Shipped,Classic Cars,57
10412,S24_2840,30,36.07,1082.1,2005-05-03,Shipped,Classic Cars,35
10412,S32_2509,19,48.7,925.3,2005-05-03,Shipped,Trucks and Buses,54
10413,S32_3207,24,49.71,1193.04,2005-05-05,Shipped,Trains,62
10413,S50_1514,51,63.85,3256.35,2005-05-05,Shipped,Trains,58
10414,S18_3029,44,73.98,3255.12,2005-05-06,On Hold,Ships,86
10414,S18_4522,16,75.48,1207.68,2005-05-06,On Hold,Vintage Cars,87
10414,S24_3816,51,76.31,3891.81,2005-05-06,On Hold,Vintage Cars,83
10414,S700_1138,37,71.34,2639.58,2005-05-06,On Hold,Ships,66
10414,S700_2610,31,75.89,2352.59,2005-05-06,On Hold,Ships,72
10414,S700_3962,27,90.37,2439.99,2005-05-06,On Hold,Ships,99
10414,S72_3212,47,65.52,3079.44,2005-05-06,On Hold,Ships,54
10415,S24_2841,21,67.82,1424.22,2005-05-09,Disputed,Planes,68
10415,S24_3420,18,69.7,1254.6,2005-05-09,Disputed,Vintage Cars,65
10415,S700_2047,32,95.95,3070.4,2005-05-09,Disputed,Ships,90
10415,S72_1253,42,57.61,2419.62,2005-05-09,Disputed,Planes,49
10416,S18_2581,15,98.84,1482.6,2005-05-10,Shipped,Planes,84
10416,S24_1785,47,88.63,4165.61,2005-05-10,Shipped,Planes,109
10416,S24_2000,32,87.6,2803.2,2005-05-10,Shipped,Motorcycles,76
10416,S24_3949,18,75.06,1351.08,2005-05-10,Shipped,Planes,68
10416,S24_4278,48,74.62,3581.76,2005-05-10,Shipped,Planes,72
10416,S32_4289,26,61.22,1591.72,2005-05-10,Shipped,Vintage Cars,68
10416,S50_1341,37,51.93,1921.41,2005-05-10,Shipped,Vintage Cars,43
10416,S700_1691,23,91.34,2100.82,2005-05-10,Shipped,Planes,91
10416,S700_3167,39,67.2,2620.8,2005-05-10,Shipped,Planes,80
10416,S700_4002,43,62.19,2674.17,2005-05-10,Shipped,Planes,74
10417,S18_2625,36,61.18,2202.48,2005-05-13,Disputed,Motorcycles,60
10419,S12_3990,34,90.17,3065.78,2005-05-17,Shipped,Classic Cars,79
10419,S18_1889,39,83.93,3273.27,2005-05-17,Shipped,Classic Cars,77
10419,S24_2972,15,42.67,640.05,2005-05-17,Shipped,Classic Cars,37
10419,S24_3371,55,52.66,2896.3,2005-05-17,Shipped,Classic Cars,61
10420,S18_2248,36,63.57,2288.52,2005-05-29,In Process,Vintage Cars,60
10420,S18_4409,66,92.95,6134.7,2005-05-29,In Process,Vintage Cars,92
10420,S18_4933,36,57.73,2078.28,2005-05-29,In Process,Classic Cars,71
10420,S24_1046,60,64.67,3880.2,2005-05-29,In Process,Classic Cars,73
10420,S24_1628,37,60.37,2233.69,2005-05-29,In Process,Classic Cars,50
10420,S24_1937,45,26.88,1209.6,2005-05-29,In Process,Vintage Cars,33
10420,S24_2887,55,96.3,5296.5,2005-05-29,In Process,Classic Cars,117
10420,S24_3191,35,96.74,3385.9,2005-05-29,In Process,Classic Cars,85
10420,S24_3969,15,43.49,652.35,2005-05-29,In Process,Vintage Cars,41
10421,S24_2022,40,45.7,1828.0,2005-05-29,In Process,Vintage Cars,44
10422,S18_1342,51,95.55,4873.05,2005-05-30,In Process,Vintage Cars,102
10422,S18_1367,25,51.75,1293.75,2005-05-30,In Process,Vintage Cars,53
10423,S18_2949,10,88.14,881.4,2005-05-30,In Process,Vintage Cars,101
10423,S18_2957,31,53.72,1665.32,2005-05-30,In Process,Vintage Cars,62
10423,S18_3136,21,84.82,1781.22,2005-05-30,In Process,Vintage Cars,104
10423,S18_3320,21,89.29,1875.09,2005-05-30,In Process,Vintage Cars,99
10423,S24_4258,28,78.89,2208.92,2005-05-30,In Process,Vintage Cars,97
10424,S18_4668,26,59.87,1556.62,2005-05-31,In Process,Vintage Cars,50
10424,S32_3522,44,61.41,2702.04,2005-05-31,In Process,Trucks and Buses,64
10424,S700_2824,46,80.92,3722.32,2005-05-31,In Process,Classic Cars,101
10425,S18_2319,38,99.41,3777.58,2005-05-31,In Process,Trucks and Buses,122
10425,S18_2432,19,49.22,935.18,2005-05-31,In Process,Trucks and Buses,60
10425,S24_1444,55,46.82,2575.1,2005-05-31,In Process,Classic Cars,57
10425,S24_2840,31,33.24,1030.44,2005-05-31,In Process,Classic Cars,35
10425,S32_1268,41,86.68,3553.88,2005-05-31,In Process,Trucks and Buses,96
10425,S32_2509,11,43.83,482.13,2005-05-31,In Process,Trucks and Buses,54
10208,S18_4522,45,87.77,3949.65,2004-01-02,Shipped,Vintage Cars,87
10208,S24_3151,20,89.4,1788.0,2004-01-02,Shipped,Vintage Cars,88
10208,S50_1514,30,65.61,1968.3,2004-01-02,Shipped,Trains,58
10208,S700_1138,38,74.67,2837.46,2004-01-02,Shipped,Ships,66
10208,S700_1938,40,80.55,3222.0,2004-01-02,Shipped,Ships,86
10208,S700_2610,46,74.45,3424.7,2004-01-02,Shipped,Ships,72
10208,S700_3962,33,85.41,2818.53,2004-01-02,Shipped,Ships,99
10208,S72_3212,42,63.88,2682.96,2004-01-02,Shipped,Ships,54
10209,S24_2841,43,82.21,3535.03,2004-01-09,Shipped,Planes,68
10209,S24_3420,36,77.59,2793.24,2004-01-09,Shipped,Vintage Cars,65
10209,S24_3816,22,89.73,1974.06,2004-01-09,Shipped,Vintage Cars,83
10209,S700_2047,33,88.71,2927.43,2004-01-09,Shipped,Ships,90
10209,S72_1253,48,44.69,2145.12,2004-01-09,Shipped,Planes,49
10210,S18_2581,50,76.88,3844.0,2004-01-12,Shipped,Planes,84
10210,S18_2625,40,49.67,1986.8,2004-01-12,Shipped,Motorcycles,60
10210,S24_1785,27,98.48,2658.96,2004-01-12,Shipped,Planes,109
10210,S24_2000,30,61.7,1851.0,2004-01-12,Shipped,Motorcycles,76
10210,S24_3949,29,69.6,2018.4,2004-01-12,Shipped,Planes,68
10210,S24_4278,40,71.0,2840.0,2004-01-12,Shipped,Planes,72
10210,S32_1374,46,79.91,3675.86,2004-01-12,Shipped,Motorcycles,99
10210,S32_4289,39,59.16,2307.24,2004-01-12,Shipped,Vintage Cars,68
10210,S50_1341,43,41.02,1763.86,2004-01-12,Shipped,Vintage Cars,43
10210,S700_1691,21,78.55,1649.55,2004-01-12,Shipped,Planes,91
10210,S700_2466,26,99.72,2592.72,2004-01-12,Shipped,Planes,99
10210,S700_3167,31,86.4,2678.4,2004-01-12,Shipped,Planes,80
10210,S700_4002,42,70.33,2953.86,2004-01-12,Shipped,Planes,74
10211,S12_3990,28,92.57,2591.96,2004-01-15,Shipped,Classic Cars,79
10211,S18_3278,35,78.0,2730.0,2004-01-15,Shipped,Classic Cars,80
10211,S18_3782,46,54.09,2488.14,2004-01-15,Shipped,Motorcycles,62
10211,S24_1578,25,90.16,2254.0,2004-01-15,Shipped,Motorcycles,112
10211,S24_2360,21,63.72,1338.12,2004-01-15,Shipped,Motorcycles,69
10211,S24_3371,48,48.98,2351.04,2004-01-15,Shipped,Classic Cars,61
10211,S24_4620,22,92.16,2027.52,2004-01-15,Shipped,Classic Cars,80
10211,S32_2206,41,42.24,1731.84,2004-01-15,Shipped,Motorcycles,40
10211,S50_4713,40,80.55,3222.0,2004-01-15,Shipped,Motorcycles,81
10212,S18_1889,20,66.99,1339.8,2004-01-16,Shipped,Classic Cars,77
10212,S24_1046,41,82.31,3374.71,2004-01-16,Shipped,Classic Cars,73
10212,S24_1628,45,53.33,2399.85,2004-01-16,Shipped,Classic Cars,50
10212,S24_2766,45,88.14,3966.3,2004-01-16,Shipped,Classic Cars,90
10212,S24_2972,34,43.42,1476.28,2004-01-16,Shipped,Classic Cars,37
10212,S24_3191,27,79.62,2149.74,2004-01-16,Shipped,Classic Cars,85
10212,S24_3432,46,87.81,4039.26,2004-01-16,Shipped,Classic Cars,107
10213,S18_4409,38,94.79,3602.02,2004-01-22,Shipped,Vintage Cars,92
10213,S18_4933,25,83.39,2084.75,2004-01-22,Shipped,Classic Cars,71
10214,S18_2248,21,62.96,1322.16,2004-01-26,Shipped,Vintage Cars,60
10214,S24_1937,20,34.19,683.8,2004-01-26,Shipped,Vintage Cars,33
10214,S24_2022,49,47.94,2349.06,2004-01-26,Shipped,Vintage Cars,44
10214,S24_3969,44,34.88,1534.72,2004-01-26,Shipped,Vintage Cars,41
10215,S18_1342,27,89.38,2413.26,2004-01-29,Shipped,Vintage Cars,102
10215,S18_1367,33,43.13,1423.29,2004-01-29,Shipped,Vintage Cars,53
10215,S18_2957,31,58.71,1820.01,2004-01-29,Shipped,Vintage Cars,62
10215,S18_4668,46,45.28,2082.88,2004-01-29,Shipped,Vintage Cars,50
10215,S24_4258,39,90.57,3532.23,2004-01-29,Shipped,Vintage Cars,97
10217,S18_2432,35,61.38,2148.3,2004-02-04,Shipped,Trucks and Buses,60
10217,S32_3522,39,62.05,2419.95,2004-02-04,Shipped,Trucks and Buses,64
10217,S700_2824,31,88.0,2728.0,2004-02-04,Shipped,Classic Cars,101
10219,S24_2840,21,40.31,846.51,2004-02-10,Shipped,Classic Cars,35
10219,S32_2509,35,55.19,1931.65,2004-02-10,Shipped,Trucks and Buses,54
10220,S24_1444,26,56.07,1457.82,2004-02-12,Shipped,Classic Cars,57
10220,S32_3207,20,52.82,1056.4,2004-02-12,Shipped,Trains,62
10220,S50_1514,30,68.54,2056.2,2004-02-12,Shipped,Trains,58
10221,S18_3259,23,80.67,1855.41,2004-02-18,Shipped,Trains,100
10221,S18_4522,39,89.53,3491.67,2004-02-18,Shipped,Vintage Cars,87
10221,S700_1938,23,97.0,2231.0,2004-02-18,Shipped,Ships,86
10222,S18_3029,49,94.62,4636.38,2004-02-19,Shipped,Ships,86
10222,S18_3856,45,85.75,3858.75,2004-02-19,Shipped,Vintage Cars,105
10222,S24_2841,32,81.53,2608.96,2004-02-19,Shipped,Planes,68
10222,S24_3151,47,70.81,3328.07,2004-02-19,Shipped,Vintage Cars,88
10222,S24_3420,43,70.35,3025.05,2004-02-19,Shipped,Vintage Cars,65
10222,S24_3816,46,80.51,3703.46,2004-02-19,Shipped,Vintage Cars,83
10222,S24_3949,48,56.64,2718.72,2004-02-19,Shipped,Planes,68
10222,S700_1138,31,62.67,1942.77,2004-02-19,Shipped,Ships,66
10222,S700_2466,37,87.75,3246.75,2004-02-19,Shipped,Planes,99
10222,S700_2610,36,80.95,2914.2,2004-02-19,Shipped,Ships,72
10222,S700_3962,31,95.34,2955.54,2004-02-19,Shipped,Ships,99
10222,S700_4002,43,74.03,3183.29,2004-02-19,Shipped,Planes,74
10222,S72_1253,31,45.69,1416.39,2004-02-19,Shipped,Planes,49
10222,S72_3212,36,63.34,2280.24,2004-02-19,Shipped,Ships,54
10223,S18_2625,28,60.57,1695.96,2004-02-20,Shipped,Motorcycles,60
10223,S24_1578,32,91.29,2921.28,2004-02-20,Shipped,Motorcycles,112
10223,S24_2000,38,69.31,2633.78,2004-02-20,Shipped,Motorcycles,76
10223,S24_4278,23,74.62,1716.26,2004-02-20,Shipped,Planes,72
10223,S32_4289,20,66.04,1320.8,2004-02-20,Shipped,Vintage Cars,68
10223,S50_1341,41,46.26,1896.66,2004-02-20,Shipped,Vintage Cars,43
10223,S700_3167,26,67.2,1747.2,2004-02-20,Shipped,Planes,80
10224,S18_3782,38,58.44,2220.72,2004-02-21,Shipped,Motorcycles,62
10224,S24_2360,37,80.34,2972.58,2004-02-21,Shipped,Motorcycles,69
10224,S32_2206,43,39.43,1695.49,2004-02-21,Shipped,Motorcycles,40
10224,S50_4713,50,77.29,3864.5,2004-02-21,Shipped,Motorcycles,81
10225,S12_3380,25,99.82,2495.5,2004-02-22,Shipped,Classic Cars,117
10225,S12_3990,37,77.41,2864.17,2004-02-22,Shipped,Classic Cars,79
10225,S18_1889,47,64.68,3039.96,2004-02-22,Shipped,Classic Cars,77
10225,S18_3278,37,95.69,3540.53,2004-02-22,Shipped,Classic Cars,80
10225,S24_2972,42,36.63,1538.46,2004-02-22,Shipped,Classic Cars,37
10225,S24_3371,24,50.21,1205.04,2004-02-22,Shipped,Classic Cars,61
10225,S24_4620,46,70.33,3235.18,2004-02-22,Shipped,Classic Cars,80
10226,S24_1046,21,60.26,1265.46,2004-02-26,Shipped,Classic Cars,73
10226,S24_1628,36,43.27,1557.72,2004-02-26,Shipped,Classic Cars,50
10226,S24_3432,48,92.09,4420.32,2004-02-26,Shipped,Classic Cars,107
10227,S18_1367,31,48.52,1504.12,2004-03-02,Shipped,Vintage Cars,53
10227,S18_2248,28,50.85,1423.8,2004-03-02,Shipped,Vintage Cars,60
10227,S18_4933,37,57.73,2136.01,2004-03-02,Shipped,Classic Cars,71
10227,S24_1937,42,29.21,1226.82,2004-03-02,Shipped,Vintage Cars,33
10227,S24_2022,24,48.38,1161.12,2004-03-02,Shipped,Vintage Cars,44
10227,S24_2766,47,88.14,4142.58,2004-03-02,Shipped,Classic Cars,90
10227,S24_3191,40,79.62,3184.8,2004-03-02,Shipped,Classic Cars,85
10227,S24_3969,27,43.9,1185.3,2004-03-02,Shipped,Vintage Cars,41
10228,S18_2957,45,63.71,2866.95,2004-03-10,Shipped,Vintage Cars,62
10229,S18_2432,28,59.55,1667.4,2004-03-11,Shipped,Trucks and Buses,60
10229,S18_4668,39,40.25,1569.75,2004-03-11,Shipped,Vintage Cars,50
10229,S24_2840,33,32.88,1085.04,2004-03-11,Shipped,Classic Cars,35
10229,S32_2509,23,54.11,1244.53,2004-03-11,Shipped,Trucks and Buses,54
10229,S32_3522,30,73.04,2191.2,2004-03-11,Shipped,Trucks and Buses,64
10230,S24_1444,36,54.33,1955.88,2004-03-15,Shipped,Classic Cars,57
10230,S32_3207,46,60.9,2801.4,2004-03-15,Shipped,Trains,62
10230,S50_1514,43,52.14,2242.02,2004-03-15,Shipped,Trains,58
10232,S18_3259,48,95.8,4598.4,2004-03-20,Shipped,Trains,100
10232,S18_4522,23,89.53,2059.19,2004-03-20,Shipped,Vintage Cars,87
10232,S700_1938,26,88.34,2296.84,2004-03-20,Shipped,Ships,86
10232,S700_3505,48,96.16,4615.68,2004-03-20,Shipped,Ships,100
10232,S700_3962,35,82.43,2885.05,2004-03-20,Shipped,Ships,99
10232,S72_3212,24,49.69,1192.56,2004-03-20,Shipped,Ships,54
10233,S24_3151,40,94.71,3788.4,2004-03-29,Shipped,Vintage Cars,88
10233,S700_1138,36,70.67,2544.12,2004-03-29,Shipped,Ships,66
10233,S700_2610,29,82.4,2389.6,2004-03-29,Shipped,Ships,72
10235,S18_2581,24,76.03,1824.72,2004-04-02,Shipped,Planes,84
10235,S24_1785,23,96.29,2214.67,2004-04-02,Shipped,Planes,109
10235,S24_3949,33,60.05,1981.65,2004-04-02,Shipped,Planes,68
10235,S24_4278,40,81.14,3245.6,2004-04-02,Shipped,Planes,72
10235,S32_4289,34,77.73,2642.82,2004-04-02,Shipped,Vintage Cars,68
10235,S50_1341,41,35.35,1449.35,2004-04-02,Shipped,Vintage Cars,43
10235,S700_2466,38,88.75,3372.5,2004-04-02,Shipped,Planes,99
10235,S700_2834,25,96.11,2402.75,2004-04-02,Shipped,Planes,118
10235,S700_3167,32,92.0,2944.0,2004-04-02,Shipped,Planes,80
10235,S700_4002,34,72.55,2466.7,2004-04-02,Shipped,Planes,74
10236,S18_2625,23,55.72,1281.56,2004-04-03,Shipped,Motorcycles,60
10236,S24_2000,36,87.6,3153.6,2004-04-03,Shipped,Motorcycles,76
10237,S18_3782,26,52.22,1357.72,2004-04-05,Shipped,Motorcycles,62
10237,S24_2360,26,79.65,2070.9,2004-04-05,Shipped,Motorcycles,69
10237,S32_2206,26,40.23,1045.98,2004-04-05,Shipped,Motorcycles,40
10237,S50_4713,20,68.34,1366.8,2004-04-05,Shipped,Motorcycles,81
10238,S12_3990,20,74.21,1484.2,2004-04-09,Shipped,Classic Cars,79
10238,S18_3278,41,73.17,2999.97,2004-04-09,Shipped,Classic Cars,80
10238,S24_3371,47,62.45,2935.15,2004-04-09,Shipped,Classic Cars,61
10238,S24_4620,22,93.77,2062.94,2004-04-09,Shipped,Classic Cars,80
10239,S12_4675,21,93.28,1958.88,2004-04-12,Shipped,Classic Cars,115
10239,S18_1889,46,73.92,3400.32,2004-04-12,Shipped,Classic Cars,77
10239,S24_2972,20,44.56,891.2,2004-04-12,Shipped,Classic Cars,37
10241,S18_2248,33,72.65,2397.45,2004-04-13,Shipped,Vintage Cars,60
10241,S18_4409,42,90.19,3787.98,2004-04-13,Shipped,Vintage Cars,92
10241,S18_4933,30,66.99,2009.7,2004-04-13,Shipped,Classic Cars,71
10241,S24_1046,22,76.43,1681.46,2004-04-13,Shipped,Classic Cars,73
10241,S24_1628,21,40.25,845.25,2004-04-13,Shipped,Classic Cars,50
10241,S24_2766,47,94.5,4441.5,2004-04-13,Shipped,Classic Cars,90
10241,S24_2887,28,98.65,2762.2,2004-04-13,Shipped,Classic Cars,117
10241,S24_3191,26,81.33,2114.58,2004-04-13,Shipped,Classic Cars,85
10241,S24_3432,27,86.73,2341.71,2004-04-13,Shipped,Classic Cars,107
10242,S24_3969,46,36.93,1698.78,2004-04-20,Shipped,Vintage Cars,41
10243,S24_1937,33,29.54,974.82,2004-04-26,Shipped,Vintage Cars,33
10244,S18_1367,20,58.22,1164.4,2004-04-29,Shipped,Vintage Cars,53
10244,S18_2957,24,58.09,1394.16,2004-04-29,Shipped,Vintage Cars,62
10244,S18_3320,36,84.33,3035.88,2004-04-29,Shipped,Vintage Cars,99
10244,S24_2022,39,45.25,1764.75,2004-04-29,Shipped,Vintage Cars,44
10244,S24_4258,40,86.68,3467.2,2004-04-29,Shipped,Vintage Cars,97
10245,S18_4668,45,59.87,2694.15,2004-05-04,Shipped,Vintage Cars,50
10245,S32_3522,44,69.16,3043.04,2004-05-04,Shipped,Trucks and Buses,64
10246,S18_2319,22,98.18,2159.96,2004-05-05,Shipped,Trucks and Buses,122
10246,S18_2432,30,61.99,1859.7,2004-05-05,Shipped,Trucks and Buses,60
10246,S24_1444,44,52.6,2314.4,2004-05-05,Shipped,Classic Cars,57
10246,S24_2840,49,36.07,1767.43,2004-05-05,Shipped,Classic Cars,35
10246,S32_2509,35,48.7,1704.5,2004-05-05,Shipped,Trucks and Buses,54
10247,S32_3207,40,49.71,1988.4,2004-05-05,Shipped,Trains,62
10247,S50_1514,49,63.85,3128.65,2004-05-05,Shipped,Trains,58
10248,S18_3029,21,73.98,1553.58,2004-05-07,Cancelled,Ships,86
10248,S18_4522,42,75.48,3170.16,2004-05-07,Cancelled,Vintage Cars,87
10248,S24_3816,23,76.31,1755.13,2004-05-07,Cancelled,Vintage Cars,83
10248,S700_1138,36,71.34,2568.24,2004-05-07,Cancelled,Ships,66
10248,S700_2610,32,75.89,2428.48,2004-05-07,Cancelled,Ships,72
10248,S700_3962,35,90.37,3162.95,2004-05-07,Cancelled,Ships,99
10248,S72_3212,23,65.52,1506.96,2004-05-07,Cancelled,Ships,54
10249,S24_2841,20,67.82,1356.4,2004-05-08,Shipped,Planes,68
10249,S24_3420,25,69.7,1742.5,2004-05-08,Shipped,Vintage Cars,65
10249,S700_2047,40,95.95,3838.0,2004-05-08,Shipped,Ships,90
10249,S72_1253,32,57.61,1843.52,2004-05-08,Shipped,Planes,49
10250,S18_2581,27,98.84,2668.68,2004-05-11,Shipped,Planes,84
10250,S24_1785,31,88.63,2747.53,2004-05-11,Shipped,Planes,109
10250,S24_2000,32,87.6,2803.2,2004-05-11,Shipped,Motorcycles,76
10250,S24_3949,40,75.06,3002.4,2004-05-11,Shipped,Planes,68
10250,S24_4278,37,74.62,2760.94,2004-05-11,Shipped,Planes,72
10250,S32_4289,50,61.22,3061.0,2004-05-11,Shipped,Vintage Cars,68
10250,S50_1341,36,51.93,1869.48,2004-05-11,Shipped,Vintage Cars,43
10250,S700_1691,31,91.34,2831.54,2004-05-11,Shipped,Planes,91
10250,S700_3167,44,67.2,2956.8,2004-05-11,Shipped,Planes,80
10250,S700_4002,38,62.19,2363.22,2004-05-11,Shipped,Planes,74
10251,S18_2625,29,61.18,1774.22,2004-05-18,Shipped,Motorcycles,60
10252,S18_3278,20,76.39,1527.8,2004-05-26,Shipped,Classic Cars,80
10252,S18_3782,31,52.84,1638.04,2004-05-26,Shipped,Motorcycles,62
10252,S24_2360,47,65.8,3092.6,2004-05-26,Shipped,Motorcycles,69
10252,S24_4620,38,87.31,3317.78,2004-05-26,Shipped,Classic Cars,80
10252,S32_2206,36,48.28,1738.08,2004-05-26,Shipped,Motorcycles,40
10252,S50_4713,48,72.41,3475.68,2004-05-26,Shipped,Motorcycles,81
10253,S12_3990,25,90.17,2254.25,2004-06-01,Cancelled,Classic Cars,79
10253,S18_1889,23,83.93,1930.39,2004-06-01,Cancelled,Classic Cars,77
10253,S24_2972,40,42.67,1706.8,2004-06-01,Cancelled,Classic Cars,37
10253,S24_3371,24,52.66,1263.84,2004-06-01,Cancelled,Classic Cars,61
10255,S24_2022,37,45.7,1690.9,2004-06-04,Shipped,Vintage Cars,44
10256,S18_1342,34,95.55,3248.7,2004-06-08,Shipped,Vintage Cars,102
10256,S18_1367,29,51.75,1500.75,2004-06-08,Shipped,Vintage Cars,53
10257,S18_2949,50,88.14,4407.0,2004-06-14,Shipped,Vintage Cars,101
10257,S18_2957,49,53.72,2632.28,2004-06-14,Shipped,Vintage Cars,62
10257,S18_3136,37,84.82,3138.34,2004-06-14,Shipped,Vintage Cars,104
10257,S18_3320,26,89.29,2321.54,2004-06-14,Shipped,Vintage Cars,99
10257,S24_4258,46,78.89,3628.94,2004-06-14,Shipped,Vintage Cars,97
10258,S18_4668,21,59.87,1257.27,2004-06-15,Shipped,Vintage Cars,50
10258,S32_3522,20,61.41,1228.2,2004-06-15,Shipped,Trucks and Buses,64
10258,S700_2824,45,80.92,3641.4,2004-06-15,Shipped,Classic Cars,101
10259,S18_2319,34,99.41,3379.94,2004-06-15,Shipped,Trucks and Buses,122
10259,S18_2432,30,49.22,1476.6,2004-06-15,Shipped,Trucks and Buses,60
10259,S24_1444,28,46.82,1310.96,2004-06-15,Shipped,Classic Cars,57
10259,S24_2840,31,33.24,1030.44,2004-06-15,Shipped,Classic Cars,35
10259,S32_1268,45,86.68,3900.6,2004-06-15,Shipped,Trucks and Buses,96
10259,S32_2509,40,43.83,1753.2,2004-06-15,Shipped,Trucks and Buses,54
10261,S18_4522,20,89.53,1790.6,2004-06-17,Shipped,Vintage Cars,87
10261,S24_3151,22,91.17,2005.74,2004-06-17,Shipped,Vintage Cars,88
10261,S700_1138,34,62.0,2108.0,2004-06-17,Shipped,Ships,66
10261,S700_2610,44,68.67,3021.48,2004-06-17,Shipped,Ships,72
10261,S700_3505,25,88.15,2203.75,2004-06-17,Shipped,Ships,100
10261,S700_3962,50,81.43,4071.5,2004-06-17,Shipped,Ships,99
10261,S72_3212,29,50.78,1472.62,2004-06-17,Shipped,Ships,54
10262,S18_3029,32,84.3,2697.6,2004-06-24,Cancelled,Ships,86
10262,S24_1785,34,97.38,3310.92,2004-06-24,Cancelled,Planes,109
10262,S24_2841,24,67.14,1611.36,2004-06-24,Cancelled,Planes,68
10262,S24_3420,46,70.35,3236.1,2004-06-24,Cancelled,Vintage Cars,65
10262,S24_3816,49,87.21,4273.29,2004-06-24,Cancelled,Vintage Cars,83
10262,S24_3949,48,61.42,2948.16,2004-06-24,Cancelled,Planes,68
10262,S32_4289,40,79.11,3164.4,2004-06-24,Cancelled,Vintage Cars,68
10262,S50_1341,49,37.97,1860.53,2004-06-24,Cancelled,Vintage Cars,43
10262,S700_1691,40,84.03,3361.2,2004-06-24,Cancelled,Planes,91
10262,S700_2047,44,94.14,4142.16,2004-06-24,Cancelled,Ships,90
10262,S700_2466,33,90.75,2994.75,2004-06-24,Cancelled,Planes,99
10262,S700_3167,27,76.0,2052.0,2004-06-24,Cancelled,Planes,80
10262,S700_4002,35,71.07,2487.45,2004-06-24,Cancelled,Planes,74
10262,S72_1253,21,57.11,1199.31,2004-06-24,Cancelled,Planes,49
10263,S18_2581,33,86.17,2843.61,2004-06-28,Shipped,Planes,84
10263,S18_2625,34,58.75,1997.5,2004-06-28,Shipped,Motorcycles,60
10263,S24_2000,37,62.46,2311.02,2004-06-28,Shipped,Motorcycles,76
10263,S24_4278,24,75.35,1808.4,2004-06-28,Shipped,Planes,72
10263,S32_1374,31,79.91,2477.21,2004-06-28,Shipped,Motorcycles,99
10264,S18_3782,48,54.71,2626.08,2004-06-30,Shipped,Motorcycles,62
10264,S24_2360,37,65.1,2408.7,2004-06-30,Shipped,Motorcycles,69
10264,S24_4620,47,83.27,3913.69,2004-06-30,Shipped,Classic Cars,80
10264,S32_2206,20,32.59,651.8,2004-06-30,Shipped,Motorcycles,40
10264,S32_4485,34,97.97,3330.98,2004-06-30,Shipped,Motorcycles,102
10264,S50_4713,47,89.5,4206.5,2004-06-30,Shipped,Motorcycles,81
10265,S18_3278,45,86.84,3907.8,2004-07-02,Shipped,Classic Cars,80
10266,S12_3990,35,76.61,2681.35,2004-07-06,Shipped,Classic Cars,79
10266,S18_1889,33,74.69,2464.77,2004-07-06,Shipped,Classic Cars,77
10266,S24_1628,28,48.3,1352.4,2004-07-06,Shipped,Classic Cars,50
10266,S24_2972,34,40.4,1373.6,2004-07-06,Shipped,Classic Cars,37
10266,S24_3371,47,62.45,2935.15,2004-07-06,Shipped,Classic Cars,61
10267,S18_4933,36,75.55,2719.8,2004-07-07,Shipped,Classic Cars,71
10267,S24_1046,40,80.1,3204.0,2004-07-07,Shipped,Classic Cars,73
10267,S24_2766,38,87.24,3315.12,2004-07-07,Shipped,Classic Cars,90
10267,S24_3191,44,96.74,4256.56,2004-07-07,Shipped,Classic Cars,85
10269,S18_2957,32,63.08,2018.56,2004-07-16,Shipped,Vintage Cars,62
10269,S24_4258,48,97.39,4674.72,2004-07-16,Shipped,Vintage Cars,97
10270,S18_1097,43,96.84,4164.12,2004-07-19,Shipped,Trucks and Buses,116
10270,S18_2949,31,96.24,2983.44,2004-07-19,Shipped,Vintage Cars,101
10270,S18_4668,44,58.36,2567.84,2004-07-19,Shipped,Vintage Cars,50
10270,S32_1268,32,85.72,2743.04,2004-07-19,Shipped,Trucks and Buses,96
10270,S32_3522,21,63.35,1330.35,2004-07-19,Shipped,Trucks and Buses,64
10270,S700_2824,46,88.0,4048.0,2004-07-19,Shipped,Classic Cars,101
10271,S12_4473,31,97.17,3012.27,2004-07-20,Shipped,Trucks and Buses,118
10271,S18_2432,25,69.28,1732.0,2004-07-20,Shipped,Trucks and Buses,60
10271,S24_1444,45,64.74,2913.3,2004-07-20,Shipped,Classic Cars,57
10271,S24_2840,38,41.72,1585.36,2004-07-20,Shipped,Classic Cars,35
10271,S32_2509,35,47.62,1666.7,2004-07-20,Shipped,Trucks and Buses,54
10271,S50_1392,34,98.39,3345.26,2004-07-20,Shipped,Trucks and Buses,115
10272,S32_3207,45,64.63,2908.35,2004-07-20,Shipped,Trains,62
10272,S50_1514,43,56.82,2443.26,2004-07-20,Shipped,Trains,58
10273,S18_3029,34,98.06,3334.04,2004-07-21,Shipped,Ships,86
10273,S18_3856,50,85.75,4287.5,2004-07-21,Shipped,Vintage Cars,105
10273,S18_4522,33,71.09,2345.97,2004-07-21,Shipped,Vintage Cars,87
10273,S24_3816,48,83.02,3984.96,2004-07-21,Shipped,Vintage Cars,83
10273,S700_1138,21,65.34,1372.14,2004-07-21,Shipped,Ships,66
10273,S700_2610,42,62.16,2610.72,2004-07-21,Shipped,Ships,72
10273,S700_3505,40,86.15,3446.0,2004-07-21,Shipped,Ships,100
10273,S72_3212,37,45.86,1696.82,2004-07-21,Shipped,Ships,54
10274,S24_2841,40,65.08,2603.2,2004-07-21,Shipped,Planes,68
10274,S24_3420,24,72.33,1735.92,2004-07-21,Shipped,Vintage Cars,65
10274,S700_2047,24,90.52,2172.48,2004-07-21,Shipped,Ships,90
10274,S72_1253,32,58.6,1875.2,2004-07-21,Shipped,Planes,49
10275,S10_1678,45,92.83,4177.35,2004-07-23,Shipped,Motorcycles,95
10275,S18_2581,35,90.39,3163.65,2004-07-23,Shipped,Planes,84
10275,S18_2625,37,63.6,2353.2,2004-07-23,Shipped,Motorcycles,60
10275,S24_1785,25,95.2,2380.0,2004-07-23,Shipped,Planes,109
10275,S24_2000,30,79.98,2399.4,2004-07-23,Shipped,Motorcycles,76
10275,S24_3949,41,81.89,3357.49,2004-07-23,Shipped,Planes,68
10275,S24_4278,27,62.31,1682.37,2004-07-23,Shipped,Planes,72
10275,S32_1374,23,81.91,1883.93,2004-07-23,Shipped,Motorcycles,99
10275,S32_4289,28,63.97,1791.16,2004-07-23,Shipped,Vintage Cars,68
10275,S50_1341,38,45.39,1724.82,2004-07-23,Shipped,Vintage Cars,43
10275,S700_1691,32,89.51,2864.32,2004-07-23,Shipped,Planes,91
10275,S700_3167,43,73.6,3164.8,2004-07-23,Shipped,Planes,80
10275,S700_4002,31,72.55,2249.05,2004-07-23,Shipped,Planes,74
10276,S12_3990,38,83.79,3184.02,2004-08-02,Shipped,Classic Cars,79
10276,S18_3278,38,69.96,2658.48,2004-08-02,Shipped,Classic Cars,80
10276,S18_3782,33,50.36,1661.88,2004-08-02,Shipped,Motorcycles,62
10276,S24_2360,46,75.49,3472.54,2004-08-02,Shipped,Motorcycles,69
10276,S24_3371,20,61.23,1224.6,2004-08-02,Shipped,Classic Cars,61
10276,S24_4620,48,75.18,3608.64,2004-08-02,Shipped,Classic Cars,80
10276,S32_2206,27,36.61,988.47,2004-08-02,Shipped,Motorcycles,40
10276,S50_4713,21,70.78,1486.38,2004-08-02,Shipped,Motorcycles,81
10278,S18_1889,29,90.86,2634.94,2004-08-06,Shipped,Classic Cars,77
10278,S24_1628,35,45.28,1584.8,2004-08-06,Shipped,Classic Cars,50
10278,S24_2972,31,38.89,1205.59,2004-08-06,Shipped,Classic Cars,37
10279,S18_4933,26,60.58,1575.08,2004-08-09,Shipped,Classic Cars,71
10279,S24_1046,32,74.96,2398.72,2004-08-09,Shipped,Classic Cars,73
10279,S24_2766,49,79.97,3918.53,2004-08-09,Shipped,Classic Cars,90
10279,S24_3191,33,71.06,2344.98,2004-08-09,Shipped,Classic Cars,85
10280,S18_1367,27,57.68,1557.36,2004-08-17,Shipped,Vintage Cars,53
10280,S18_2248,25,62.96,1574.0,2004-08-17,Shipped,Vintage Cars,60
10280,S18_2957,43,68.71,2954.53,2004-08-17,Shipped,Vintage Cars,62
10280,S24_1937,20,28.88,577.6,2004-08-17,Shipped,Vintage Cars,33
10280,S24_2022,45,47.49,2137.05,2004-08-17,Shipped,Vintage Cars,44
10280,S24_3969,33,41.85,1381.05,2004-08-17,Shipped,Vintage Cars,41
10280,S24_4258,21,78.89,1656.69,2004-08-17,Shipped,Vintage Cars,97
10281,S18_2432,29,57.73,1674.17,2004-08-19,Shipped,Trucks and Buses,60
10281,S18_4600,25,99.29,2482.25,2004-08-19,Shipped,Trucks and Buses,121
10281,S18_4668,44,59.87,2634.28,2004-08-19,Shipped,Vintage Cars,50
10281,S24_2840,20,40.66,813.2,2004-08-19,Shipped,Classic Cars,35
10281,S32_1268,29,82.83,2402.07,2004-08-19,Shipped,Trucks and Buses,96
10281,S32_2509,31,55.19,1710.89,2004-08-19,Shipped,Trucks and Buses,54
10281,S32_3522,36,77.57,2792.52,2004-08-19,Shipped,Trucks and Buses,64
10281,S700_2824,27,85.98,2321.46,2004-08-19,Shipped,Classic Cars,101
10282,S24_1444,29,46.82,1357.78,2004-08-20,Shipped,Classic Cars,57
10282,S32_3207,36,59.65,2147.4,2004-08-20,Shipped,Trains,62
10282,S50_1514,37,66.78,2470.86,2004-08-20,Shipped,Trains,58
10282,S700_1938,43,86.61,3724.23,2004-08-20,Shipped,Ships,86
10283,S18_3029,21,98.06,2059.26,2004-08-20,Shipped,Ships,86
10283,S24_3151,34,92.94,3159.96,2004-08-20,Shipped,Vintage Cars,88
10283,S24_3816,33,72.96,2407.68,2004-08-20,Shipped,Vintage Cars,83
10283,S700_1138,45,78.67,3540.15,2004-08-20,Shipped,Ships,66
10283,S700_2047,20,94.14,1882.8,2004-08-20,Shipped,Ships,90
10283,S700_2610,47,65.77,3091.19,2004-08-20,Shipped,Ships,72
10283,S700_3505,22,88.15,1939.3,2004-08-20,Shipped,Ships,100
10283,S700_3962,38,89.38,3396.44,2004-08-20,Shipped,Ships,99
10283,S72_1253,43,57.61,2477.23,2004-08-20,Shipped,Planes,49
10283,S72_3212,33,51.32,1693.56,2004-08-20,Shipped,Ships,54
10284,S18_2581,31,71.81,2226.11,2004-08-21,Shipped,Planes,84
10284,S24_2841,30,73.99,2219.7,2004-08-21,Shipped,Planes,68
10284,S24_3420,39,71.67,2795.13,2004-08-21,Shipped,Vintage Cars,65
10284,S24_3949,21,55.96,1175.16,2004-08-21,Shipped,Planes,68
10284,S24_4278,21,71.0,1491.0,2004-08-21,Shipped,Planes,72
10284,S32_4289,50,81.86,4093.0,2004-08-21,Shipped,Vintage Cars,68
10284,S50_1341,33,51.93,1713.69,2004-08-21,Shipped,Vintage Cars,43
10284,S700_1691,24,83.12,1994.88,2004-08-21,Shipped,Planes,91
10284,S700_3167,25,69.6,1740.0,2004-08-21,Shipped,Planes,80
10284,S700_4002,32,64.41,2061.12,2004-08-21,Shipped,Planes,74
10285,S18_2625,20,49.06,981.2,2004-08-27,Shipped,Motorcycles,60
10285,S24_2000,39,70.08,2733.12,2004-08-27,Shipped,Motorcycles,76
10285,S24_2360,38,59.56,2263.28,2004-08-27,Shipped,Motorcycles,69
10285,S32_1374,37,98.89,3658.93,2004-08-27,Shipped,Motorcycles,99
10285,S32_2206,37,41.03,1518.11,2004-08-27,Shipped,Motorcycles,40
10285,S50_4713,39,78.92,3077.88,2004-08-27,Shipped,Motorcycles,81
10286,S18_3782,38,57.2,2173.6,2004-08-28,Shipped,Motorcycles,62
10287,S12_3990,41,69.43,2846.63,2004-08-30,Shipped,Classic Cars,79
10287,S18_1889,44,82.39,3625.16,2004-08-30,Shipped,Classic Cars,77
10287,S18_3278,43,70.76,3042.68,2004-08-30,Shipped,Classic Cars,80
10287,S24_2972,36,39.65,1427.4,2004-08-30,Shipped,Classic Cars,37
10287,S24_3371,20,67.97,1359.4,2004-08-30,Shipped,Classic Cars,61
10287,S24_4620,40,88.12,3524.8,2004-08-30,Shipped,Classic Cars,80
10288,S18_2248,28,61.75,1729.0,2004-09-01,Shipped,Vintage Cars,60
10288,S18_4409,35,80.99,2834.65,2004-09-01,Shipped,Vintage Cars,92
10288,S18_4933,23,73.41,1688.43,2004-09-01,Shipped,Classic Cars,71
10288,S24_1046,36,66.14,2381.04,2004-09-01,Shipped,Classic Cars,73
10288,S24_1628,50,52.32,2616.0,2004-09-01,Shipped,Classic Cars,50
10288,S24_1937,29,38.17,1106.93,2004-09-01,Shipped,Vintage Cars,33
10288,S24_2766,35,80.87,2830.45,2004-09-01,Shipped,Classic Cars,90
10288,S24_3191,34,68.49,2328.66,2004-09-01,Shipped,Classic Cars,85
10288,S24_3969,33,40.62,1340.46,2004-09-01,Shipped,Vintage Cars,41
10289,S18_1367,24,56.07,1345.68,2004-09-03,Shipped,Vintage Cars,53
10289,S24_2022,45,48.38,2177.1,2004-09-03,Shipped,Vintage Cars,44
10290,S18_3320,26,96.23,2501.98,2004-09-07,Shipped,Vintage Cars,99
10291,S18_2432,26,57.73,1500.98,2004-09-08,Shipped,Trucks and Buses,60
10291,S18_2957,37,50.59,1871.83,2004-09-08,Shipped,Vintage Cars,62
10291,S18_4668,29,51.82,1502.78,2004-09-08,Shipped,Vintage Cars,50
10291,S32_1268,26,83.79,2178.54,2004-09-08,Shipped,Trucks and Buses,96
10291,S32_3522,32,71.75,2296.0,2004-09-08,Shipped,Trucks and Buses,64
10292,S24_1444,40,53.75,2150.0,2004-09-08,Shipped,Classic Cars,57
10292,S24_2840,39,30.06,1172.34,2004-09-08,Shipped,Classic Cars,35
10292,S32_2509,50,46.53,2326.5,2004-09-08,Shipped,Trucks and Buses,54
10292,S32_3207,31,67.73,2099.63,2004-09-08,Shipped,Trains,62
10292,S50_1514,35,55.07,1927.45,2004-09-08,Shipped,Trains,58
10293,S700_1938,29,71.89,2084.81,2004-09-09,Shipped,Ships,86
10293,S72_3212,32,60.06,1921.92,2004-09-09,Shipped,Ships,54
10295,S24_3151,46,84.97,3908.62,2004-09-10,Shipped,Vintage Cars,88
10295,S700_1138,26,75.34,1958.84,2004-09-10,Shipped,Ships,66
10295,S700_2610,44,58.55,2576.2,2004-09-10,Shipped,Ships,72
10296,S18_3029,21,96.34,2023.14,2004-09-15,Shipped,Ships,86
10296,S18_3856,22,84.7,1863.4,2004-09-15,Shipped,Vintage Cars,105
10296,S24_2841,21,71.25,1496.25,2004-09-15,Shipped,Planes,68
10296,S24_3420,31,53.92,1671.52,2004-09-15,Shipped,Vintage Cars,65
10296,S24_3816,22,77.15,1697.3,2004-09-15,Shipped,Vintage Cars,83
10296,S24_3949,32,71.65,2292.8,2004-09-15,Shipped,Planes,68
10296,S50_1341,26,48.44,1259.44,2004-09-15,Shipped,Vintage Cars,43
10296,S700_3167,22,80.8,1777.6,2004-09-15,Shipped,Planes,80
10296,S700_4002,47,86.62,4071.14,2004-09-15,Shipped,Planes,74
10296,S72_1253,21,45.19,948.99,2004-09-15,Shipped,Planes,49
10297,S18_2581,25,82.79,2069.75,2004-09-16,Shipped,Planes,84
10297,S24_2000,32,65.51,2096.32,2004-09-16,Shipped,Motorcycles,76
10297,S24_4278,23,72.45,1666.35,2004-09-16,Shipped,Planes,72
10297,S32_4289,28,79.8,2234.4,2004-09-16,Shipped,Vintage Cars,68
10298,S10_2016,39,96.34,3757.26,2004-09-27,Shipped,Motorcycles,118
10298,S18_2625,32,48.46,1550.72,2004-09-27,Shipped,Motorcycles,60
10299,S18_3782,39,55.95,2182.05,2004-09-30,Shipped,Motorcycles,62
10299,S24_2360,33,66.49,2194.17,2004-09-30,Shipped,Motorcycles,69
10299,S24_4620,32,80.84,2586.88,2004-09-30,Shipped,Classic Cars,80
10299,S32_2206,24,42.24,1013.76,2004-09-30,Shipped,Motorcycles,40
10299,S50_4713,44,80.55,3544.2,2004-09-30,Shipped,Motorcycles,81
10303,S18_2248,46,49.04,2255.84,2004-10-06,Shipped,Vintage Cars,60
10303,S24_3969,24,40.21,965.04,2004-10-06,Shipped,Vintage Cars,41
10304,S18_1097,46,98.0,4508.0,2004-10-11,Shipped,Trucks and Buses,116
10304,S18_1342,37,95.55,3535.35,2004-10-11,Shipped,Vintage Cars,102
10304,S18_1367,37,48.52,1795.24,2004-10-11,Shipped,Vintage Cars,53
10304,S18_2957,24,64.96,1559.04,2004-10-11,Shipped,Vintage Cars,62
10304,S18_3136,26,85.87,2232.62,2004-10-11,Shipped,Vintage Cars,104
10304,S18_4668,34,49.3,1676.2,2004-10-11,Shipped,Vintage Cars,50
10304,S24_1937,23,30.2,694.6,2004-10-11,Shipped,Vintage Cars,33
10304,S24_2022,44,39.42,1734.48,2004-10-11,Shipped,Vintage Cars,44
10304,S32_3522,36,73.04,2629.44,2004-10-11,Shipped,Trucks and Buses,64
10305,S18_2432,41,53.48,2192.68,2004-10-13,Shipped,Trucks and Buses,60
10305,S18_4600,22,99.29,2184.38,2004-10-13,Shipped,Trucks and Buses,121
10305,S24_1444,45,61.85,2783.25,2004-10-13,Shipped,Classic Cars,57
10305,S24_2840,48,31.47,1510.56,2004-10-13,Shipped,Classic Cars,35
10305,S32_2509,40,57.9,2316.0,2004-10-13,Shipped,Trucks and Buses,54
10306,S18_3259,40,91.76,3670.4,2004-10-14,Shipped,Trains,100
10306,S18_4522,39,90.4,3525.6,2004-10-14,Shipped,Vintage Cars,87
10306,S24_3151,31,84.08,2606.48,2004-10-14,Shipped,Vintage Cars,88
10306,S32_3207,46,50.33,2315.18,2004-10-14,Shipped,Trains,62
10306,S50_1514,34,60.34,2051.56,2004-10-14,Shipped,Trains,58
10306,S700_1138,50,54.0,2700.0,2004-10-14,Shipped,Ships,66
10306,S700_1938,38,91.81,3488.78,2004-10-14,Shipped,Ships,86
10306,S700_2610,43,75.17,3232.31,2004-10-14,Shipped,Ships,72
10306,S700_3505,32,90.15,2884.8,2004-10-14,Shipped,Ships,100
10306,S72_3212,35,59.51,2082.85,2004-10-14,Shipped,Ships,54
10307,S18_3029,31,83.44,2586.64,2004-10-14,Shipped,Ships,86
10307,S18_3856,48,86.81,4166.88,2004-10-14,Shipped,Vintage Cars,105
10307,S24_2841,25,75.36,1884.0,2004-10-14,Shipped,Planes,68
10307,S24_3420,22,71.67,1576.74,2004-10-14,Shipped,Vintage Cars,65
10307,S24_3816,22,91.41,2011.02,2004-10-14,Shipped,Vintage Cars,83
10307,S700_2047,34,97.76,3323.84,2004-10-14,Shipped,Ships,90
10307,S72_1253,34,53.63,1823.42,2004-10-14,Shipped,Planes,49
10308,S18_2581,27,82.79,2235.33,2004-10-15,Shipped,Planes,84
10308,S18_2625,34,52.09,1771.06,2004-10-15,Shipped,Motorcycles,60
10308,S24_2000,47,63.22,2971.34,2004-10-15,Shipped,Motorcycles,76
10308,S24_3949,43,76.43,3286.49,2004-10-15,Shipped,Planes,68
10308,S24_4278,44,83.32,3666.08,2004-10-15,Shipped,Planes,72
10308,S32_1374,24,79.91,1917.84,2004-10-15,Shipped,Motorcycles,99
10308,S32_4289,46,66.04,3037.84,2004-10-15,Shipped,Vintage Cars,68
10308,S50_1341,47,43.64,2051.08,2004-10-15,Shipped,Vintage Cars,43
10308,S700_2466,35,88.75,3106.25,2004-10-15,Shipped,Planes,99
10308,S700_3167,21,87.2,1831.2,2004-10-15,Shipped,Planes,80
10308,S700_4002,39,68.11,2656.29,2004-10-15,Shipped,Planes,74
10309,S24_2360,24,56.1,1346.4,2004-10-15,Shipped,Motorcycles,69
10309,S32_4485,50,84.7,4235.0,2004-10-15,Shipped,Motorcycles,102
10309,S50_4713,28,88.68,2483.04,2004-10-15,Shipped,Motorcycles,81
10310,S12_3990,49,81.4,3988.6,2004-10-16,Shipped,Classic Cars,79
10310,S18_1889,20,91.63,1832.6,2004-10-16,Shipped,Classic Cars,77
10310,S18_3278,27,80.41,2171.07,2004-10-16,Shipped,Classic Cars,80
10310,S18_3782,42,67.14,2819.88,2004-10-16,Shipped,Motorcycles,62
10310,S24_2972,33,41.91,1383.03,2004-10-16,Shipped,Classic Cars,37
10310,S24_3371,38,56.94,2163.72,2004-10-16,Shipped,Classic Cars,61
10310,S24_4620,49,97.01,4753.49,2004-10-16,Shipped,Classic Cars,80
10310,S32_2206,36,43.05,1549.8,2004-10-16,Shipped,Motorcycles,40
10311,S18_4409,41,81.91,3358.31,2004-10-16,Shipped,Vintage Cars,92
10311,S18_4933,25,66.99,1674.75,2004-10-16,Shipped,Classic Cars,71
10311,S24_1046,26,87.45,2273.7,2004-10-16,Shipped,Classic Cars,73
10311,S24_1628,45,49.3,2218.5,2004-10-16,Shipped,Classic Cars,50
10311,S24_2766,28,93.6,2620.8,2004-10-16,Shipped,Classic Cars,90
10311,S24_3191,25,83.04,2076.0,2004-10-16,Shipped,Classic Cars,85
10311,S24_3432,46,92.09,4236.14,2004-10-16,Shipped,Classic Cars,107
10312,S18_1342,43,89.38,3843.34,2004-10-21,Shipped,Vintage Cars,102
10312,S18_1367,25,44.21,1105.25,2004-10-21,Shipped,Vintage Cars,53
10312,S18_2248,30,61.15,1834.5,2004-10-21,Shipped,Vintage Cars,60
10312,S18_2957,35,53.72,1880.2,2004-10-21,Shipped,Vintage Cars,62
10312,S18_4668,39,56.85,2217.15,2004-10-21,Shipped,Vintage Cars,50
10312,S24_1937,39,29.54,1152.06,2004-10-21,Shipped,Vintage Cars,33
10312,S24_2022,23,37.63,865.49,2004-10-21,Shipped,Vintage Cars,44
10312,S24_3969,31,35.29,1093.99,2004-10-21,Shipped,Vintage Cars,41
10313,S18_2432,34,52.87,1797.58,2004-10-22,Shipped,Trucks and Buses,60
10313,S32_1268,27,87.64,2366.28,2004-10-22,Shipped,Trucks and Buses,96
10313,S32_2509,38,45.45,1727.1,2004-10-22,Shipped,Trucks and Buses,54
10313,S32_3522,34,56.24,1912.16,2004-10-22,Shipped,Trucks and Buses,64
10313,S700_2824,30,99.13,2973.9,2004-10-22,Shipped,Classic Cars,101
10314,S24_1444,44,53.18,2339.92,2004-10-22,Shipped,Classic Cars,57
10314,S24_2840,39,37.13,1448.07,2004-10-22,Shipped,Classic Cars,35
10314,S32_3207,35,66.49,2327.15,2004-10-22,Shipped,Trains,62
10314,S50_1514,38,61.51,2337.38,2004-10-22,Shipped,Trains,58
10314,S700_1938,23,76.22,1753.06,2004-10-22,Shipped,Ships,86
10315,S24_3151,24,86.74,2081.76,2004-10-29,Shipped,Vintage Cars,88
10315,S700_1138,41,62.0,2542.0,2004-10-29,Shipped,Ships,66
10315,S700_3505,31,86.15,2670.65,2004-10-29,Shipped,Ships,100
10315,S700_3962,37,91.37,3380.69,2004-10-29,Shipped,Ships,99
10315,S72_3212,40,55.69,2227.6,2004-10-29,Shipped,Ships,54
10316,S18_3029,21,94.62,1987.02,2004-11-01,Shipped,Ships,86
10316,S18_3856,47,86.81,4080.07,2004-11-01,Shipped,Vintage Cars,105
10316,S24_2841,34,63.71,2166.14,2004-11-01,Shipped,Planes,68
10316,S24_3420,47,76.93,3615.71,2004-11-01,Shipped,Vintage Cars,65
10316,S24_3816,25,92.25,2306.25,2004-11-01,Shipped,Vintage Cars,83
10316,S24_3949,30,77.79,2333.7,2004-11-01,Shipped,Planes,68
10316,S32_4289,24,59.16,1419.84,2004-11-01,Shipped,Vintage Cars,68
10316,S50_1341,34,47.57,1617.38,2004-11-01,Shipped,Vintage Cars,43
10316,S700_1691,34,82.21,2795.14,2004-11-01,Shipped,Planes,91
10316,S700_2047,45,93.24,4195.8,2004-11-01,Shipped,Ships,90
10316,S700_2610,48,74.45,3573.6,2004-11-01,Shipped,Ships,72
10316,S700_3167,48,75.2,3609.6,2004-11-01,Shipped,Planes,80
10316,S700_4002,44,62.19,2736.36,2004-11-01,Shipped,Planes,74
10316,S72_1253,34,43.7,1485.8,2004-11-01,Shipped,Planes,49
10317,S24_4278,35,83.32,2916.2,2004-11-02,Shipped,Planes,72
10318,S10_1678,46,94.74,4358.04,2004-11-02,Shipped,Motorcycles,95
10318,S18_2625,42,52.7,2213.4,2004-11-02,Shipped,Motorcycles,60
10318,S24_2000,26,86.83,2257.58,2004-11-02,Shipped,Motorcycles,76
10319,S18_3278,46,73.98,3403.08,2004-11-03,Shipped,Classic Cars,80
10319,S18_3782,44,59.06,2598.64,2004-11-03,Shipped,Motorcycles,62
10319,S24_2360,31,81.73,2533.63,2004-11-03,Shipped,Motorcycles,69
10319,S24_4620,43,85.69,3684.67,2004-11-03,Shipped,Classic Cars,80
10319,S32_2206,29,38.22,1108.38,2004-11-03,Shipped,Motorcycles,40
10319,S50_4713,45,77.29,3478.05,2004-11-03,Shipped,Motorcycles,81
10320,S12_3990,38,73.42,2789.96,2004-11-03,Shipped,Classic Cars,79
10320,S24_3371,26,61.23,1591.98,2004-11-03,Shipped,Classic Cars,61
10321,S18_1889,37,78.54,2905.98,2004-11-04,Shipped,Classic Cars,77
10321,S24_1046,30,70.55,2116.5,2004-11-04,Shipped,Classic Cars,73
10321,S24_1628,48,42.26,2028.48,2004-11-04,Shipped,Classic Cars,50
10321,S24_2766,30,72.7,2181.0,2004-11-04,Shipped,Classic Cars,90
10321,S24_2972,37,33.23,1229.51,2004-11-04,Shipped,Classic Cars,37
10321,S24_3191,39,84.75,3305.25,2004-11-04,Shipped,Classic Cars,85
10321,S24_3432,21,89.95,1888.95,2004-11-04,Shipped,Classic Cars,107
10322,S10_4962,46,61.99,2851.54,2004-11-04,Shipped,Classic Cars,147
10322,S18_1342,43,86.3,3710.9,2004-11-04,Shipped,Vintage Cars,102
10322,S18_1367,41,57.68,2364.88,2004-11-04,Shipped,Vintage Cars,53
10322,S18_2432,35,61.21,2142.35,2004-11-04,Shipped,Trucks and Buses,60
10322,S18_2957,41,29.87,1224.67,2004-11-04,Shipped,Vintage Cars,62
10322,S18_3136,48,47.04,2257.92,2004-11-04,Shipped,Vintage Cars,104
10323,S18_3320,33,91.27,3011.91,2004-11-05,Shipped,Vintage Cars,99
10324,S12_3148,27,54.33,1466.91,2004-11-05,Shipped,Classic Cars,151
10324,S12_4473,26,58.38,1517.88,2004-11-05,Shipped,Trucks and Buses,118
10324,S18_2319,33,37.48,1236.84,2004-11-05,Shipped,Trucks and Buses,122
10324,S24_1444,25,69.16,1729.0,2004-11-05,Shipped,Classic Cars,57
10324,S32_1268,20,98.18,1963.6,2004-11-05,Shipped,Trucks and Buses,96
10325,S10_4757,47,64.93,3051.71,2004-11-05,Shipped,Classic Cars,136
10325,S12_1108,42,64.0,2688.0,2004-11-05,Shipped,Classic Cars,207
10325,S18_3140,24,69.12,1658.88,2004-11-05,Shipped,Vintage Cars,136
10326,S18_4522,50,86.01,4300.5,2004-11-09,Shipped,Vintage Cars,87
10326,S24_3151,41,85.85,3519.85,2004-11-09,Shipped,Vintage Cars,88
10326,S24_3816,20,92.25,1845.0,2004-11-09,Shipped,Vintage Cars,83
10326,S700_1138,39,60.0,2340.0,2004-11-09,Shipped,Ships,66
10327,S18_3029,25,45.86,1146.5,2004-11-10,Resolved,Ships,86
10327,S700_2610,21,96.31,2022.51,2004-11-10,Resolved,Ships,72
10327,S700_3505,43,80.0,3440.0,2004-11-10,Resolved,Ships,100
10327,S700_3962,37,86.61,3204.57,2004-11-10,Resolved,Ships,99
10327,S72_3212,37,86.74,3209.38,2004-11-10,Resolved,Ships,54
10328,S24_1785,47,87.54,4114.38,2004-11-12,Shipped,Planes,109
10328,S24_2841,48,58.92,2828.16,2004-11-12,Shipped,Planes,68
10328,S24_3420,20,72.98,1459.6,2004-11-12,Shipped,Vintage Cars,65
10328,S24_3949,35,76.43,2675.05,2004-11-12,Shipped,Planes,68
10328,S24_4278,43,60.86,2616.98,2004-11-12,Shipped,Planes,72
10328,S32_4289,24,81.17,1948.08,2004-11-12,Shipped,Vintage Cars,68
10328,S50_1341,34,51.93,1765.62,2004-11-12,Shipped,Vintage Cars,43
10328,S700_3167,33,64.0,2112.0,2004-11-12,Shipped,Planes,80
10328,S700_4002,39,85.87,3348.93,2004-11-12,Shipped,Planes,74
10329,S12_1099,41,71.47,2930.27,2004-11-15,Shipped,Classic Cars,194
10329,S12_3380,46,83.63,3846.98,2004-11-15,Shipped,Classic Cars,117
10329,S12_4675,39,64.74,2524.86,2004-11-15,Shipped,Classic Cars,115
10329,S18_3278,38,59.1,2245.8,2004-11-15,Shipped,Classic Cars,80
10329,S24_1578,30,87.78,2633.4,2004-11-15,Shipped,Motorcycles,112
10329,S24_2000,37,94.43,3493.91,2004-11-15,Shipped,Motorcycles,76
10329,S32_1374,45,63.91,2875.95,2004-11-15,Shipped,Motorcycles,99
10329,S72_1253,44,86.13,3789.72,2004-11-15,Shipped,Planes,49
10330,S18_3782,29,69.63,2019.27,2004-11-16,Shipped,Motorcycles,62
10330,S24_2360,42,81.03,3403.26,2004-11-16,Shipped,Motorcycles,69
10331,S18_1749,44,74.04,3257.76,2004-11-17,Shipped,Vintage Cars,170
10331,S18_1984,30,32.47,974.1,2004-11-17,Shipped,Classic Cars,142
10331,S18_2870,26,64.9,1687.4,2004-11-17,Shipped,Classic Cars,132
10331,S18_3685,26,67.91,1765.66,2004-11-17,Shipped,Classic Cars,141
10331,S24_2972,27,42.24,1140.48,2004-11-17,Shipped,Classic Cars,37
10332,S18_1342,46,95.13,4375.98,2004-11-17,Shipped,Vintage Cars,102
10332,S18_1367,27,89.89,2427.03,2004-11-17,Shipped,Vintage Cars,53
10332,S18_2248,38,84.25,3201.5,2004-11-17,Shipped,Vintage Cars,60
10332,S18_2325,35,64.69,2264.15,2004-11-17,Shipped,Vintage Cars,127
10332,S18_2795,24,52.67,1264.08,2004-11-17,Shipped,Vintage Cars,168
10332,S18_3136,40,39.8,1592.0,2004-11-17,Shipped,Vintage Cars,104
10332,S24_1046,23,56.84,1307.32,2004-11-17,Shipped,Classic Cars,73
10332,S24_1628,20,87.96,1759.2,2004-11-17,Shipped,Classic Cars,50
10332,S24_1937,45,81.91,3685.95,2004-11-17,Shipped,Vintage Cars,33
10332,S24_2022,26,85.52,2223.52,2004-11-17,Shipped,Vintage Cars,44
10332,S24_2766,39,86.72,3382.08,2004-11-17,Shipped,Classic Cars,90
10332,S24_2887,44,42.26,1859.44,2004-11-17,Shipped,Classic Cars,117
10332,S24_3191,45,34.19,1538.55,2004-11-17,Shipped,Classic Cars,85
10332,S24_3432,31,37.18,1152.58,2004-11-17,Shipped,Classic Cars,107
10332,S24_3969,41,77.24,3166.84,2004-11-17,Shipped,Vintage Cars,41
10333,S12_1666,33,99.21,3273.93,2004-11-18,Shipped,Trucks and Buses,136
10333,S18_1097,29,40.25,1167.25,2004-11-18,Shipped,Trucks and Buses,116
10333,S18_2949,31,90.17,2795.27,2004-11-18,Shipped,Vintage Cars,101
10333,S18_4668,24,79.86,1916.64,2004-11-18,Shipped,Vintage Cars,50
10333,S32_3522,33,73.69,2431.77,2004-11-18,Shipped,Trucks and Buses,64
10334,S18_2432,34,61.38,2086.92,2004-11-19,On Hold,Trucks and Buses,60
10335,S24_2840,33,37.13,1225.29,2004-11-19,Shipped,Classic Cars,35
10335,S32_2509,40,60.6,2424.0,2004-11-19,Shipped,Trucks and Buses,54
10336,S12_1108,33,57.22,1888.26,2004-11-20,Shipped,Classic Cars,207
10336,S12_3891,49,63.38,3105.62,2004-11-20,Shipped,Classic Cars,173
10336,S32_3207,31,84.71,2626.01,2004-11-20,Shipped,Trains,62
10337,S10_4757,25,48.05,1201.25,2004-11-21,Shipped,Classic Cars,136
10337,S24_2011,29,71.97,2087.13,2004-11-21,Shipped,Ships,122
10337,S700_1938,36,70.3,2530.8,2004-11-21,Shipped,Ships,86
10337,S700_3505,31,89.38,2770.78,2004-11-21,Shipped,Ships,100
10337,S700_3962,36,71.89,2588.04,2004-11-21,Shipped,Ships,99
10337,S72_3212,42,97.16,4080.72,2004-11-21,Shipped,Ships,54
10338,S18_3029,28,82.58,2312.24,2004-11-22,Shipped,Ships,86
10339,S10_2016,40,68.92,2756.8,2004-11-23,Shipped,Motorcycles,118
10339,S10_4698,39,76.67,2990.13,2004-11-23,Shipped,Motorcycles,193
10339,S18_2625,30,62.16,1864.8,2004-11-23,Shipped,Motorcycles,60
10339,S24_1578,27,84.39,2278.53,2004-11-23,Shipped,Motorcycles,112
10339,S24_1785,21,50.65,1063.65,2004-11-23,Shipped,Planes,109
10339,S24_3420,29,99.69,2891.01,2004-11-23,Shipped,Vintage Cars,65
10339,S24_3816,42,59.36,2493.12,2004-11-23,Shipped,Vintage Cars,83
10339,S24_3949,45,96.92,4361.4,2004-11-23,Shipped,Planes,68
10339,S700_2047,55,71.25,3918.75,2004-11-23,Shipped,Ships,90
10339,S700_2610,50,74.35,3717.5,2004-11-23,Shipped,Ships,72
10339,S700_4002,50,57.86,2893.0,2004-11-23,Shipped,Planes,74
10339,S72_1253,27,76.31,2060.37,2004-11-23,Shipped,Planes,49
10340,S24_2000,55,79.98,4398.9,2004-11-24,Shipped,Motorcycles,76
10340,S24_4278,40,84.77,3390.8,2004-11-24,Shipped,Planes,72
10340,S32_4289,39,59.16,2307.24,2004-11-24,Shipped,Vintage Cars,68
10340,S50_1341,40,50.62,2024.8,2004-11-24,Shipped,Vintage Cars,43
10340,S700_1691,30,88.6,2658.0,2004-11-24,Shipped,Planes,91
10340,S700_2466,55,87.75,4826.25,2004-11-24,Shipped,Planes,99
10341,S12_1099,45,79.65,3584.25,2004-11-24,Shipped,Classic Cars,194
10341,S12_3380,44,95.93,4220.92,2004-11-24,Shipped,Classic Cars,117
10341,S12_3990,36,93.56,3368.16,2004-11-24,Shipped,Classic Cars,79
10341,S12_4675,55,75.2,4136.0,2004-11-24,Shipped,Classic Cars,115
10341,S32_4485,31,71.02,2201.62,2004-11-24,Shipped,Motorcycles,102
10342,S18_1889,55,65.45,3599.75,2004-11-24,Shipped,Classic Cars,77
10342,S18_3278,25,66.74,1668.5,2004-11-24,Shipped,Classic Cars,80
10342,S18_3782,26,55.95,1454.7,2004-11-24,Shipped,Motorcycles,62
10342,S24_2972,39,40.4,1575.6,2004-11-24,Shipped,Classic Cars,37
10342,S24_3371,48,62.45,2997.6,2004-11-24,Shipped,Classic Cars,61
10343,S18_2870,25,52.32,1308.0,2004-11-24,Shipped,Classic Cars,132
10343,S18_3685,44,84.88,3734.72,2004-11-24,Shipped,Classic Cars,141
10343,S24_1628,27,36.21,977.67,2004-11-24,Shipped,Classic Cars,50
10344,S18_2248,40,56.91,2276.4,2004-11-25,Shipped,Vintage Cars,60
10344,S18_4933,26,63.43,1649.18,2004-11-25,Shipped,Classic Cars,71
10344,S24_1046,29,59.53,1726.37,2004-11-25,Shipped,Classic Cars,73
10344,S24_1937,20,35.18,703.6,2004-11-25,Shipped,Vintage Cars,33
10345,S24_2022,43,53.76,2311.68,2004-11-25,Shipped,Vintage Cars,44
10346,S18_1342,42,36.11,1516.62,2004-11-29,Shipped,Vintage Cars,102
10346,S24_2887,24,87.24,2093.76,2004-11-29,Shipped,Classic Cars,117
10346,S24_3432,26,95.88,2492.88,2004-11-29,Shipped,Classic Cars,107
10346,S24_3969,22,97.44,2143.68,2004-11-29,Shipped,Vintage Cars,41
10347,S18_1097,42,49.6,2083.2,2004-11-29,Shipped,Trucks and Buses,116
10347,S18_1367,21,58.95,1237.95,2004-11-29,Shipped,Vintage Cars,53
10347,S18_2957,34,64.96,2208.64,2004-11-29,Shipped,Vintage Cars,62
10348,S12_1108,48,52.36,2513.28,2004-11-01,Shipped,Classic Cars,207
10348,S24_4258,39,50.31,1962.09,2004-11-01,Shipped,Vintage Cars,97
10348,S700_2824,32,82.83,2650.56,2004-11-01,Shipped,Classic Cars,101
10349,S24_1444,48,47.4,2275.2,2004-12-01,Shipped,Classic Cars,57
10349,S24_2840,36,37.13,1336.68,2004-12-01,Shipped,Classic Cars,35
10349,S32_2509,33,46.53,1535.49,2004-12-01,Shipped,Trucks and Buses,54
10350,S10_4757,26,75.47,1962.22,2004-12-02,Shipped,Classic Cars,136
10350,S18_3029,43,64.97,2793.71,2004-12-02,Shipped,Ships,86
10350,S18_3259,41,93.04,3814.64,2004-12-02,Shipped,Trains,100
10350,S24_2011,34,50.33,1711.22,2004-12-02,Shipped,Ships,122
10350,S24_3816,25,60.34,1508.5,2004-12-02,Shipped,Vintage Cars,83
10350,S50_1392,31,71.4,2213.4,2004-12-02,Shipped,Trucks and Buses,115
10350,S700_1138,46,76.67,3526.82,2004-12-02,Shipped,Ships,66
10350,S700_2610,29,75.35,2185.15,2004-12-02,Shipped,Ships,72
10350,S700_3505,31,77.34,2397.54,2004-12-02,Shipped,Ships,100
10351,S18_1662,39,99.52,3881.28,2004-12-03,Shipped,Planes,157
10351,S24_2841,25,74.68,1867.0,2004-12-03,Shipped,Planes,68
10351,S24_3420,38,68.38,2598.44,2004-12-03,Shipped,Vintage Cars,65
10351,S24_3949,34,59.37,2018.58,2004-12-03,Shipped,Planes,68
10352,S700_4002,22,75.51,1661.22,2004-12-03,Shipped,Planes,74
10352,S72_1253,49,52.64,2579.36,2004-12-03,Shipped,Planes,49
10353,S24_1785,28,71.73,2008.44,2004-12-04,Shipped,Planes,109
10353,S24_4278,35,89.9,3146.5,2004-12-04,Shipped,Planes,72
10353,S32_1374,46,81.17,3733.82,2004-12-04,Shipped,Motorcycles,99
10353,S32_4289,40,44.51,1780.4,2004-12-04,Shipped,Vintage Cars,68
10353,S50_1341,40,82.21,3288.4,2004-12-04,Shipped,Vintage Cars,43
10353,S700_2834,48,68.8,3302.4,2004-12-04,Shipped,Planes,118
10353,S700_3167,43,81.95,3523.85,2004-12-04,Shipped,Planes,80
10355,S18_3782,31,53.47,1657.57,2004-12-07,Shipped,Motorcycles,62
10355,S24_2360,41,70.65,2896.65,2004-12-07,Shipped,Motorcycles,69
10355,S24_2972,36,38.52,1386.72,2004-12-07,Shipped,Classic Cars,37
10355,S24_3371,44,62.45,2747.8,2004-12-07,Shipped,Classic Cars,61
10355,S24_4620,28,95.39,2670.92,2004-12-07,Shipped,Classic Cars,80
10355,S32_2206,38,39.83,1513.54,2004-12-07,Shipped,Motorcycles,40
10356,S18_1129,43,97.6,4196.8,2004-12-09,Shipped,Classic Cars,141
10356,S18_1342,50,50.18,2509.0,2004-12-09,Shipped,Vintage Cars,102
10356,S18_1367,22,72.41,1593.02,2004-12-09,Shipped,Vintage Cars,53
10356,S18_1984,27,64.69,1746.63,2004-12-09,Shipped,Classic Cars,142
10356,S24_2022,26,31.86,828.36,2004-12-09,Shipped,Vintage Cars,44
10357,S18_1097,39,98.0,3822.0,2004-12-10,Shipped,Trucks and Buses,116
10357,S18_2432,41,61.99,2541.59,2004-12-10,Shipped,Trucks and Buses,60
10357,S18_2949,41,87.13,3572.33,2004-12-10,Shipped,Vintage Cars,101
10357,S18_2957,49,70.58,3458.42,2004-12-10,Shipped,Vintage Cars,62
10358,S12_3148,49,55.34,2711.66,2004-12-10,Shipped,Classic Cars,151
10358,S12_4473,42,64.16,2694.72,2004-12-10,Shipped,Trucks and Buses,118
10358,S18_2319,20,36.42,728.4,2004-12-10,Shipped,Trucks and Buses,122
10358,S18_3232,32,93.49,2991.68,2004-12-10,Shipped,Classic Cars,169
10358,S24_1444,44,60.76,2673.44,2004-12-10,Shipped,Classic Cars,57
10358,S24_2840,36,82.94,2985.84,2004-12-10,Shipped,Classic Cars,35
10359,S10_4757,48,54.68,2624.64,2004-12-15,Shipped,Classic Cars,136
10359,S12_3891,49,62.09,3042.41,2004-12-15,Shipped,Classic Cars,173
10359,S50_1514,25,64.93,1623.25,2004-12-15,Shipped,Trains,58
10361,S10_1678,20,72.55,1451.0,2004-12-17,Shipped,Motorcycles,95
10361,S10_2016,26,51.15,1329.9,2004-12-17,Shipped,Motorcycles,118
10361,S24_4278,25,62.46,1561.5,2004-12-17,Shipped,Planes,72
10361,S32_4289,49,72.33,3544.17,2004-12-17,Shipped,Vintage Cars,68
10361,S50_1341,33,82.59,2725.47,2004-12-17,Shipped,Vintage Cars,43
10361,S700_1691,20,60.54,1210.8,2004-12-17,Shipped,Planes,91
10361,S700_2047,24,45.39,1089.36,2004-12-17,Shipped,Ships,90
10361,S700_2834,44,72.42,3186.48,2004-12-17,Shipped,Planes,118
10361,S72_1253,23,95.2,2189.6,2004-12-17,Shipped,Planes,49
10100,S18_2248,50,67.8,3390.0,2003-01-06,Shipped,Vintage Cars,60
10100,S18_4409,22,86.51,1903.22,2003-01-06,Shipped,Vintage Cars,92
10100,S24_3969,49,34.47,1689.03,2003-01-06,Shipped,Vintage Cars,41
10101,S24_1937,45,31.2,1404.0,2003-01-09,Shipped,Vintage Cars,33
10101,S24_2022,46,53.76,2472.96,2003-01-09,Shipped,Vintage Cars,44
10102,S18_1367,41,50.14,2055.74,2003-01-10,Shipped,Vintage Cars,53
10103,S18_2432,22,54.09,1189.98,2003-01-29,Shipped,Trucks and Buses,60
10103,S18_2949,27,83.07,2242.89,2003-01-29,Shipped,Vintage Cars,101
10103,S18_2957,35,57.46,2011.1,2003-01-29,Shipped,Vintage Cars,62
10103,S18_4668,41,47.29,1938.89,2003-01-29,Shipped,Vintage Cars,50
10103,S32_3522,45,75.63,3403.35,2003-01-29,Shipped,Trucks and Buses,64
10104,S24_1444,35,55.49,1942.15,2003-01-31,Shipped,Classic Cars,57
10104,S24_2840,44,39.6,1742.4,2003-01-31,Shipped,Classic Cars,35
10104,S32_2509,35,47.62,1666.7,2003-01-31,Shipped,Trucks and Buses,54
10104,S32_3207,49,65.87,3227.63,2003-01-31,Shipped,Trains,62
10104,S50_1514,32,53.31,1705.92,2003-01-31,Shipped,Trains,58
10105,S18_4522,41,82.5,3382.5,2003-02-11,Shipped,Vintage Cars,87
10105,S24_3151,44,72.58,3193.52,2003-02-11,Shipped,Vintage Cars,88
10105,S24_3816,50,79.67,3983.5,2003-02-11,Shipped,Vintage Cars,83
10105,S700_1138,41,70.67,2897.47,2003-02-11,Shipped,Ships,66
10105,S700_1938,29,70.15,2034.35,2003-02-11,Shipped,Ships,86
10105,S700_2610,31,65.77,2038.87,2003-02-11,Shipped,Ships,72
10105,S700_3505,39,81.14,3164.46,2003-02-11,Shipped,Ships,100
10105,S72_3212,25,56.78,1419.5,2003-02-11,Shipped,Ships,54
10106,S18_2581,34,90.39,3073.26,2003-02-17,Shipped,Planes,84
10106,S18_3029,41,83.44,3421.04,2003-02-17,Shipped,Ships,86
10106,S24_1785,28,88.63,2481.64,2003-02-17,Shipped,Planes,109
10106,S24_2841,49,74.68,3659.32,2003-02-17,Shipped,Planes,68
10106,S24_3420,31,52.6,1630.6,2003-02-17,Shipped,Vintage Cars,65
10106,S24_3949,50,64.83,3241.5,2003-02-17,Shipped,Planes,68
10106,S24_4278,26,63.76,1657.76,2003-02-17,Shipped,Planes,72
10106,S32_4289,33,72.92,2406.36,2003-02-17,Shipped,Vintage Cars,68
10106,S50_1341,39,40.15,1565.85,2003-02-17,Shipped,Vintage Cars,43
10106,S700_3167,44,74.4,3273.6,2003-02-17,Shipped,Planes,80
10106,S700_4002,48,61.44,2949.12,2003-02-17,Shipped,Planes,74
10106,S72_1253,48,52.64,2526.72,2003-02-17,Shipped,Planes,49
10107,S10_1678,30,95.7,2871.0,2003-02-24,Shipped,Motorcycles,95
10107,S10_2016,39,99.91,3896.49,2003-02-24,Shipped,Motorcycles,118
10107,S18_2625,29,70.87,2055.23,2003-02-24,Shipped,Motorcycles,60
10107,S24_2000,38,83.03,3155.14,2003-02-24,Shipped,Motorcycles,76
10107,S32_1374,20,92.9,1858.0,2003-02-24,Shipped,Motorcycles,99
10108,S12_3990,39,89.38,3485.82,2003-03-03,Shipped,Classic Cars,79
10108,S18_1889,38,82.39,3130.82,2003-03-03,Shipped,Classic Cars,77
10108,S18_3278,26,68.35,1777.1,2003-03-03,Shipped,Classic Cars,80
10108,S18_3782,43,67.77,2914.11,2003-03-03,Shipped,Motorcycles,62
10108,S24_2360,35,58.87,2060.45,2003-03-03,Shipped,Motorcycles,69
10108,S24_3371,30,63.07,1892.1,2003-03-03,Shipped,Classic Cars,61
10108,S24_4620,31,68.71,2130.01,2003-03-03,Shipped,Classic Cars,80
10108,S32_2206,27,43.45,1173.15,2003-03-03,Shipped,Motorcycles,40
10108,S50_4713,34,82.99,2821.66,2003-03-03,Shipped,Motorcycles,81
10109,S24_2972,29,32.1,930.9,2003-03-10,Shipped,Classic Cars,37
10110,S18_2248,32,50.25,1608.0,2003-03-18,Shipped,Vintage Cars,60
10110,S18_4409,28,89.27,2499.56,2003-03-18,Shipped,Vintage Cars,92
10110,S18_4933,42,61.29,2574.18,2003-03-18,Shipped,Classic Cars,71
10110,S24_1046,36,85.25,3069.0,2003-03-18,Shipped,Classic Cars,73
10110,S24_1628,29,59.37,1721.73,2003-03-18,Shipped,Classic Cars,50
10110,S24_1937,20,35.51,710.2,2003-03-18,Shipped,Vintage Cars,33
10110,S24_2022,39,44.35,1729.65,2003-03-18,Shipped,Vintage Cars,44
10110,S24_2766,43,78.15,3360.45,2003-03-18,Shipped,Classic Cars,90
10110,S24_3191,27,73.62,1987.74,2003-03-18,Shipped,Classic Cars,85
10110,S24_3969,48,34.47,1654.56,2003-03-18,Shipped,Vintage Cars,41
10111,S18_1342,33,99.66,3288.78,2003-03-25,Shipped,Vintage Cars,102
10111,S18_1367,48,49.06,2354.88,2003-03-25,Shipped,Vintage Cars,53
10111,S18_2957,28,64.33,1801.24,2003-03-25,Shipped,Vintage Cars,62
10111,S24_4258,26,86.68,2253.68,2003-03-25,Shipped,Vintage Cars,97
10113,S18_4668,50,49.81,2490.5,2003-03-26,Shipped,Vintage Cars,50
10113,S32_3522,23,68.52,1575.96,2003-03-26,Shipped,Trucks and Buses,64
10114,S18_2432,45,68.67,3090.15,2003-04-01,Shipped,Trucks and Buses,60
10114,S24_2840,24,30.06,721.44,2003-04-01,Shipped,Classic Cars,35
10114,S32_2509,28,55.73,1560.44,2003-04-01,Shipped,Trucks and Buses,54
10115,S24_1444,47,69.36,3259.92,2003-04-04,Shipped,Classic Cars,57
10116,S32_3207,27,63.38,1711.26,2003-04-11,Shipped,Trains,62
10117,S18_3259,21,95.8,2011.8,2003-04-16,Shipped,Trains,100
10117,S18_4522,23,97.42,2240.66,2003-04-16,Shipped,Vintage Cars,87
10117,S50_1514,21,49.21,1033.41,2003-04-16,Shipped,Trains,58
10117,S700_1938,38,79.68,3027.84,2003-04-16,Shipped,Ships,86
10117,S700_3962,45,83.42,3753.9,2003-04-16,Shipped,Ships,99
10117,S72_3212,50,43.68,2184.0,2003-04-16,Shipped,Ships,54
10119,S18_3029,21,89.46,1878.66,2003-04-28,Shipped,Ships,86
10119,S18_3856,27,99.52,2687.04,2003-04-28,Shipped,Vintage Cars,105
10119,S24_2841,41,59.6,2443.6,2003-04-28,Shipped,Planes,68
10119,S24_3151,35,87.62,3066.7,2003-04-28,Shipped,Vintage Cars,88
10119,S24_3420,20,72.98,1459.6,2003-04-28,Shipped,Vintage Cars,65
10119,S24_3816,35,90.57,3169.95,2003-04-28,Shipped,Vintage Cars,83
10119,S24_3949,28,70.29,1968.12,2003-04-28,Shipped,Planes,68
10119,S700_1138,25,76.67,1916.75,2003-04-28,Shipped,Ships,66
10119,S700_2047,29,94.14,2730.06,2003-04-28,Shipped,Ships,90
10119,S700_2610,38,65.77,2499.26,2003-04-28,Shipped,Ships,72
10119,S700_4002,26,59.22,1539.72,2003-04-28,Shipped,Planes,74
10119,S72_1253,28,48.17,1348.76,2003-04-28,Shipped,Planes,49
10120,S10_2016,29,96.34,2793.86,2003-04-29,Shipped,Motorcycles,118
10120,S18_2581,29,71.81,2082.49,2003-04-29,Shipped,Planes,84
10120,S18_2625,46,58.15,2674.9,2003-04-29,Shipped,Motorcycles,60
10120,S24_1578,35,98.05,3431.75,2003-04-29,Shipped,Motorcycles,112
10120,S24_2000,34,83.79,2848.86,2003-04-29,Shipped,Motorcycles,76
10120,S24_4278,29,85.49,2479.21,2003-04-29,Shipped,Planes,72
10120,S32_4289,29,72.23,2094.67,2003-04-29,Shipped,Vintage Cars,68
10120,S50_1341,49,50.62,2480.38,2003-04-29,Shipped,Vintage Cars,43
10120,S700_1691,47,82.21,3863.87,2003-04-29,Shipped,Planes,91
10120,S700_3167,43,76.0,3268.0,2003-04-29,Shipped,Planes,80
10121,S10_1678,34,81.35,2765.9,2003-05-07,Shipped,Motorcycles,95
10121,S24_2360,32,76.88,2460.16,2003-05-07,Shipped,Motorcycles,69
10121,S32_4485,25,86.74,2168.5,2003-05-07,Shipped,Motorcycles,102
10121,S50_4713,44,74.85,3293.4,2003-05-07,Shipped,Motorcycles,81
10122,S12_3380,37,99.82,3693.34,2003-05-08,Shipped,Classic Cars,117
10122,S12_3990,32,63.84,2042.88,2003-05-08,Shipped,Classic Cars,79
10122,S18_1889,43,72.38,3112.34,2003-05-08,Shipped,Classic Cars,77
10122,S18_3278,21,73.17,1536.57,2003-05-08,Shipped,Classic Cars,80
10122,S18_3782,35,49.74,1740.9,2003-05-08,Shipped,Motorcycles,62
10122,S24_2972,39,30.96,1207.44,2003-05-08,Shipped,Classic Cars,37
10122,S24_3371,34,50.21,1707.14,2003-05-08,Shipped,Classic Cars,61
10122,S24_4620,29,71.14,2063.06,2003-05-08,Shipped,Classic Cars,80
10122,S32_2206,31,44.66,1384.46,2003-05-08,Shipped,Motorcycles,40
10123,S24_1628,50,59.87,2993.5,2003-05-20,Shipped,Classic Cars,50
10124,S18_2248,42,53.88,2262.96,2003-05-21,Shipped,Vintage Cars,60
10124,S18_4409,36,85.59,3081.24,2003-05-21,Shipped,Vintage Cars,92
10124,S18_4933,23,57.73,1327.79,2003-05-21,Shipped,Classic Cars,71
10124,S24_1046,22,77.9,1713.8,2003-05-21,Shipped,Classic Cars,73
10124,S24_1937,45,37.84,1702.8,2003-05-21,Shipped,Vintage Cars,33
10124,S24_2022,22,45.25,995.5,2003-05-21,Shipped,Vintage Cars,44
10124,S24_2766,32,72.7,2326.4,2003-05-21,Shipped,Classic Cars,90
10124,S24_2887,25,93.95,2348.75,2003-05-21,Shipped,Classic Cars,117
10124,S24_3191,49,83.04,4068.96,2003-05-21,Shipped,Classic Cars,85
10124,S24_3969,46,33.23,1528.58,2003-05-21,Shipped,Vintage Cars,41
10126,S18_1367,42,54.99,2309.58,2003-05-28,Shipped,Vintage Cars,53
10126,S18_2432,43,65.02,2795.86,2003-05-28,Shipped,Trucks and Buses,60
10126,S18_2949,31,90.17,2795.27,2003-05-28,Shipped,Vintage Cars,101
10126,S18_2957,46,73.7,3390.2,2003-05-28,Shipped,Vintage Cars,62
10126,S18_3136,30,97.39,2921.7,2003-05-28,Shipped,Vintage Cars,104
10126,S18_3320,38,82.34,3128.92,2003-05-28,Shipped,Vintage Cars,99
10126,S18_4668,43,53.83,2314.69,2003-05-28,Shipped,Vintage Cars,50
10126,S32_1268,43,96.31,4141.33,2003-05-28,Shipped,Trucks and Buses,96
10126,S32_3522,26,62.7,1630.2,2003-05-28,Shipped,Trucks and Buses,64
10127,S24_1444,20,60.69,1213.8,2003-06-03,Shipped,Classic Cars,57
10127,S24_2840,39,38.19,1489.41,2003-06-03,Shipped,Classic Cars,35
10127,S24_4048,20,96.99,1939.8,2003-06-03,Shipped,Classic Cars,118
10127,S32_2509,45,51.95,2337.75,2003-06-03,Shipped,Trucks and Buses,54
10127,S32_3207,29,70.84,2054.36,2003-06-03,Shipped,Trains,62
10127,S50_1514,46,69.12,3179.52,2003-06-03,Shipped,Trains,58
10128,S18_4522,43,92.16,3962.88,2003-06-06,Shipped,Vintage Cars,87
10128,S700_1938,32,97.0,3104.0,2003-06-06,Shipped,Ships,86
10129,S24_3151,41,94.71,3883.11,2003-06-12,Shipped,Vintage Cars,88
10129,S24_3816,50,77.99,3899.5,2003-06-12,Shipped,Vintage Cars,83
10129,S700_1138,31,60.0,1860.0,2003-06-12,Shipped,Ships,66
10129,S700_2610,45,85.29,3838.05,2003-06-12,Shipped,Ships,72
10129,S700_3505,42,91.15,3828.3,2003-06-12,Shipped,Ships,100
10129,S700_3962,30,85.41,2562.3,2003-06-12,Shipped,Ships,99
10129,S72_3212,32,64.97,2079.04,2003-06-12,Shipped,Ships,54
10130,S18_3029,40,96.34,3853.6,2003-06-16,Shipped,Ships,86
10131,S24_2841,35,67.14,2349.9,2003-06-16,Shipped,Planes,68
10131,S24_3420,29,59.18,1716.22,2003-06-16,Shipped,Vintage Cars,65
10131,S24_3949,50,81.89,4094.5,2003-06-16,Shipped,Planes,68
10131,S700_2047,22,85.99,1891.78,2003-06-16,Shipped,Ships,90
10131,S700_4002,26,85.13,2213.38,2003-06-16,Shipped,Planes,74
10131,S72_1253,21,41.71,875.91,2003-06-16,Shipped,Planes,49
10133,S18_2581,49,69.27,3394.23,2003-06-27,Shipped,Planes,84
10133,S24_1785,41,94.1,3858.1,2003-06-27,Shipped,Planes,109
10133,S24_4278,46,77.52,3565.92,2003-06-27,Shipped,Planes,72
10133,S32_4289,49,57.1,2797.9,2003-06-27,Shipped,Vintage Cars,68
10133,S50_1341,27,50.19,1355.13,2003-06-27,Shipped,Vintage Cars,43
10133,S700_1691,24,77.64,1863.36,2003-06-27,Shipped,Planes,91
10133,S700_2834,27,99.67,2691.09,2003-06-27,Shipped,Planes,118
10134,S10_1678,41,94.74,3884.34,2003-07-01,Shipped,Motorcycles,95
10134,S18_2625,30,61.78,1853.4,2003-07-01,Shipped,Motorcycles,60
10134,S24_1578,35,93.54,3273.9,2003-07-01,Shipped,Motorcycles,112
10134,S24_2000,43,83.03,3570.29,2003-07-01,Shipped,Motorcycles,76
10135,S12_3990,24,75.01,1800.24,2003-07-02,Shipped,Classic Cars,79
10135,S12_4675,29,97.89,2838.81,2003-07-02,Shipped,Classic Cars,115
10135,S18_1889,48,79.31,3806.88,2003-07-02,Shipped,Classic Cars,77
10135,S18_3278,45,78.0,3510.0,2003-07-02,Shipped,Classic Cars,80
10135,S18_3782,45,50.36,2266.2,2003-07-02,Shipped,Motorcycles,62
10135,S24_2360,29,61.64,1787.56,2003-07-02,Shipped,Motorcycles,69
10135,S24_2972,20,35.87,717.4,2003-07-02,Shipped,Classic Cars,37
10135,S24_3371,27,66.13,1785.51,2003-07-02,Shipped,Classic Cars,61
10135,S24_4620,23,87.31,2008.13,2003-07-02,Shipped,Classic Cars,80
10135,S32_2206,33,40.23,1327.59,2003-07-02,Shipped,Motorcycles,40
10135,S32_4485,30,89.8,2694.0,2003-07-02,Shipped,Motorcycles,102
10135,S50_4713,44,96.0,4224.0,2003-07-02,Shipped,Motorcycles,81
10137,S18_1589,44,99.55,4380.2,2003-07-10,Shipped,Classic Cars,124
10137,S24_1628,26,49.81,1295.06,2003-07-10,Shipped,Classic Cars,50
10139,S18_1367,49,43.13,2113.37,2003-07-16,Shipped,Vintage Cars,53
10139,S18_2957,20,71.2,1424.0,2003-07-16,Shipped,Vintage Cars,62
10139,S18_3136,20,90.06,1801.2,2003-07-16,Shipped,Vintage Cars,104
10140,S18_2432,46,61.99,2851.54,2003-07-24,Shipped,Trucks and Buses,60
10140,S18_4668,29,43.27,1254.83,2003-07-24,Shipped,Vintage Cars,50
10140,S32_3522,28,60.76,1701.28,2003-07-24,Shipped,Trucks and Buses,64
10141,S24_1444,20,54.33,1086.6,2003-08-01,Shipped,Classic Cars,57
10141,S24_2840,21,42.43,891.03,2003-08-01,Shipped,Classic Cars,35
10141,S24_4048,40,94.62,3784.8,2003-08-01,Shipped,Classic Cars,118
10141,S32_2509,24,45.99,1103.76,2003-08-01,Shipped,Trucks and Buses,54
10142,S18_3259,22,97.81,2151.82,2003-08-08,Shipped,Trains,100
10142,S18_4522,24,70.22,1685.28,2003-08-08,Shipped,Vintage Cars,87
10142,S24_3151,49,98.25,4814.25,2003-08-08,Shipped,Vintage Cars,88
10142,S32_3207,42,74.57,3131.94,2003-08-08,Shipped,Trains,62
10142,S50_1514,42,49.79,2091.18,2003-08-08,Shipped,Trains,58
10142,S700_1138,41,64.0,2624.0,2003-08-08,Shipped,Ships,66
10142,S700_1938,43,84.01,3612.43,2003-08-08,Shipped,Ships,86
10142,S700_3962,38,85.41,3245.58,2003-08-08,Shipped,Ships,99
10142,S72_3212,39,44.23,1724.97,2003-08-08,Shipped,Ships,54
10143,S18_3029,46,74.84,3442.64,2003-08-10,Shipped,Ships,86
10143,S24_2841,27,60.97,1646.19,2003-08-10,Shipped,Planes,68
10143,S24_3420,33,77.59,2560.47,2003-08-10,Shipped,Vintage Cars,65
10143,S24_3816,23,80.51,1851.73,2003-08-10,Shipped,Vintage Cars,83
10143,S24_3949,28,66.19,1853.32,2003-08-10,Shipped,Planes,68
10143,S50_1341,34,36.66,1246.44,2003-08-10,Shipped,Vintage Cars,43
10143,S700_2466,26,82.77,2152.02,2003-08-10,Shipped,Planes,99
10143,S700_2610,31,85.29,2643.99,2003-08-10,Shipped,Ships,72
10143,S700_3167,28,96.0,2688.0,2003-08-10,Shipped,Planes,80
10143,S700_4002,34,85.87,2919.58,2003-08-10,Shipped,Planes,74
10143,S72_1253,37,50.65,1874.05,2003-08-10,Shipped,Planes,49
10144,S32_4289,20,81.86,1637.2,2003-08-13,Shipped,Vintage Cars,68
10145,S10_1678,45,83.26,3746.7,2003-08-25,Shipped,Motorcycles,95
10145,S18_2581,30,85.32,2559.6,2003-08-25,Shipped,Planes,84
10145,S18_2625,30,49.67,1490.1,2003-08-25,Shipped,Motorcycles,60
10145,S24_1578,43,95.8,4119.4,2003-08-25,Shipped,Motorcycles,112
10145,S24_1785,40,87.54,3501.6,2003-08-25,Shipped,Planes,109
10145,S24_2000,47,83.03,3902.41,2003-08-25,Shipped,Motorcycles,76
10145,S24_2360,27,60.95,1645.65,2003-08-25,Shipped,Motorcycles,69
10145,S24_4278,33,84.77,2797.41,2003-08-25,Shipped,Planes,72
10145,S32_1374,33,93.9,3098.7,2003-08-25,Shipped,Motorcycles,99
10145,S32_2206,31,35.8,1109.8,2003-08-25,Shipped,Motorcycles,40
10145,S50_4713,38,81.36,3091.68,2003-08-25,Shipped,Motorcycles,81
10146,S18_3782,47,67.14,3155.58,2003-09-03,Shipped,Motorcycles,62
10147,S12_3990,21,63.84,1340.64,2003-09-05,Shipped,Classic Cars,79
10147,S12_4675,33,97.89,3230.37,2003-09-05,Shipped,Classic Cars,115
10147,S18_1889,26,82.39,2142.14,2003-09-05,Shipped,Classic Cars,77
10147,S18_3278,36,86.04,3097.44,2003-09-05,Shipped,Classic Cars,80
10147,S24_2972,25,42.67,1066.75,2003-09-05,Shipped,Classic Cars,37
10147,S24_3371,30,68.58,2057.4,2003-09-05,Shipped,Classic Cars,61
10147,S24_4620,31,64.67,2004.77,2003-09-05,Shipped,Classic Cars,80
10148,S18_4933,29,81.25,2356.25,2003-09-11,Shipped,Classic Cars,71
10148,S24_1046,25,60.26,1506.5,2003-09-11,Shipped,Classic Cars,73
10148,S24_1628,47,56.85,2671.95,2003-09-11,Shipped,Classic Cars,50
10148,S24_2766,21,73.6,1545.6,2003-09-11,Shipped,Classic Cars,90
10148,S24_3191,31,73.62,2282.22,2003-09-11,Shipped,Classic Cars,85
10149,S18_1367,30,58.22,1746.6,2003-09-12,Shipped,Vintage Cars,53
10149,S18_2248,24,62.36,1496.64,2003-09-12,Shipped,Vintage Cars,60
10149,S18_3320,42,94.25,3958.5,2003-09-12,Shipped,Vintage Cars,99
10149,S24_1937,36,33.19,1194.84,2003-09-12,Shipped,Vintage Cars,33
10149,S24_2022,49,49.28,2414.72,2003-09-12,Shipped,Vintage Cars,44
10149,S24_3969,26,38.98,1013.48,2003-09-12,Shipped,Vintage Cars,41
10149,S24_4258,20,90.57,1811.4,2003-09-12,Shipped,Vintage Cars,97
10150,S18_2949,47,91.18,4285.46,2003-09-19,Shipped,Vintage Cars,101
10150,S18_2957,30,49.97,1499.1,2003-09-19,Shipped,Vintage Cars,62
10150,S18_4668,30,42.76,1282.8,2003-09-19,Shipped,Vintage Cars,50
10150,S32_3522,49,58.18,2850.82,2003-09-19,Shipped,Trucks and Buses,64
10151,S18_2432,39,69.28,2701.92,2003-09-21,Shipped,Trucks and Buses,60
10151,S24_2840,30,40.31,1209.3,2003-09-21,Shipped,Classic Cars,35
10151,S32_2509,41,63.85,2617.85,2003-09-21,Shipped,Trucks and Buses,54
10152,S24_1444,25,65.31,1632.75,2003-09-25,Shipped,Classic Cars,57
10152,S32_3207,33,50.95,1681.35,2003-09-25,Shipped,Trains,62
10153,S18_3259,29,88.74,2573.46,2003-09-28,Shipped,Trains,100
10153,S18_4522,22,83.38,1834.36,2003-09-28,Shipped,Vintage Cars,87
10153,S50_1514,31,57.41,1779.71,2003-09-28,Shipped,Trains,58
10153,S700_1138,43,64.67,2780.81,2003-09-28,Shipped,Ships,66
10153,S700_1938,31,87.48,2711.88,2003-09-28,Shipped,Ships,86
10153,S700_3505,50,88.15,4407.5,2003-09-28,Shipped,Ships,100
10153,S72_3212,50,60.06,3003.0,2003-09-28,Shipped,Ships,54
10154,S24_3151,31,91.17,2826.27,2003-10-02,Shipped,Vintage Cars,88
10154,S700_2610,36,64.33,2315.88,2003-10-02,Shipped,Ships,72
10155,S18_3029,44,79.14,3482.16,2003-10-06,Shipped,Ships,86
10155,S24_2841,23,72.62,1670.26,2003-10-06,Shipped,Planes,68
10155,S24_3420,34,55.89,1900.26,2003-10-06,Shipped,Vintage Cars,65
10155,S24_3816,37,67.93,2513.41,2003-10-06,Shipped,Vintage Cars,83
10155,S24_3949,44,77.11,3392.84,2003-10-06,Shipped,Planes,68
10155,S700_2047,32,91.43,2925.76,2003-10-06,Shipped,Ships,90
10155,S700_3167,43,86.4,3715.2,2003-10-06,Shipped,Planes,80
10155,S700_4002,44,85.87,3778.28,2003-10-06,Shipped,Planes,74
10155,S72_1253,34,49.16,1671.44,2003-10-06,Shipped,Planes,49
10156,S50_1341,20,41.02,820.4,2003-10-08,Shipped,Vintage Cars,43
10158,S24_2000,22,67.03,1474.66,2003-10-10,Shipped,Motorcycles,76
10159,S12_3990,24,73.42,1762.08,2003-10-10,Shipped,Classic Cars,79
10159,S18_2625,42,51.48,2162.16,2003-10-10,Shipped,Motorcycles,60
10159,S18_3278,21,81.21,1705.41,2003-10-10,Shipped,Classic Cars,80
10159,S18_3782,21,64.66,1357.86,2003-10-10,Shipped,Motorcycles,62
10159,S24_2360,27,80.34,2169.18,2003-10-10,Shipped,Motorcycles,69
10159,S24_3371,50,69.8,3490.0,2003-10-10,Shipped,Classic Cars,61
10159,S24_4620,23,67.1,1543.3,2003-10-10,Shipped,Classic Cars,80
10159,S32_2206,35,35.4,1239.0,2003-10-10,Shipped,Motorcycles,40
10159,S50_4713,31,71.6,2219.6,2003-10-10,Shipped,Motorcycles,81
10160,S18_1889,38,88.55,3364.9,2003-10-11,Shipped,Classic Cars,77
10160,S24_2972,42,37.0,1554.0,2003-10-11,Shipped,Classic Cars,37
10161,S18_4933,25,80.54,2013.5,2003-10-17,Shipped,Classic Cars,71
10161,S24_1046,37,72.76,2692.12,2003-10-17,Shipped,Classic Cars,73
10161,S24_1628,23,53.33,1226.59,2003-10-17,Shipped,Classic Cars,50
10161,S24_3191,20,77.05,1541.0,2003-10-17,Shipped,Classic Cars,85
10162,S18_1342,48,91.44,4389.12,2003-10-18,Shipped,Vintage Cars,102
10162,S18_1367,45,51.21,2304.45,2003-10-18,Shipped,Vintage Cars,53
10162,S18_2248,27,69.62,1879.74,2003-10-18,Shipped,Vintage Cars,60
10162,S24_1937,37,27.22,1007.14,2003-10-18,Shipped,Vintage Cars,33
10162,S24_2022,43,36.29,1560.47,2003-10-18,Shipped,Vintage Cars,44
10162,S24_3969,37,38.98,1442.26,2003-10-18,Shipped,Vintage Cars,41
10163,S18_2957,48,69.96,3358.08,2003-10-20,Shipped,Vintage Cars,62
10163,S24_4258,42,91.55,3845.1,2003-10-20,Shipped,Vintage Cars,97
10164,S18_1097,36,99.17,3570.12,2003-10-21,Resolved,Trucks and Buses,116
10164,S18_4668,25,53.83,1345.75,2003-10-21,Resolved,Vintage Cars,50
10164,S32_3522,49,54.94,2692.06,2003-10-21,Resolved,Trucks and Buses,64
10164,S700_2824,39,81.93,3195.27,2003-10-21,Resolved,Classic Cars,101
10165,S18_2432,31,71.1,2204.1,2003-10-22,Shipped,Trucks and Buses,60
10165,S24_1444,25,69.36,1734.0,2003-10-22,Shipped,Classic Cars,57
10165,S24_2840,27,31.82,859.14,2003-10-22,Shipped,Classic Cars,35
10165,S24_4048,24,99.36,2384.64,2003-10-22,Shipped,Classic Cars,118
10165,S32_2509,48,45.99,2207.52,2003-10-22,Shipped,Trucks and Buses,54
10165,S32_3207,44,53.44,2351.36,2003-10-22,Shipped,Trains,62
10165,S50_1392,48,94.92,4556.16,2003-10-22,Shipped,Trucks and Buses,115
10165,S50_1514,38,66.78,2537.64,2003-10-22,Shipped,Trains,58
10166,S18_4522,26,73.73,1916.98,2003-10-21,Shipped,Vintage Cars,87
10167,S18_3029,46,73.12,3363.52,2003-10-23,Cancelled,Ships,86
10167,S24_2841,21,69.88,1467.48,2003-10-23,Cancelled,Planes,68
10167,S24_3151,20,79.66,1593.2,2003-10-23,Cancelled,Vintage Cars,88
10167,S24_3420,32,63.12,2019.84,2003-10-23,Cancelled,Vintage Cars,65
10167,S24_3816,29,83.86,2431.94,2003-10-23,Cancelled,Vintage Cars,83
10167,S700_1138,43,75.34,3239.62,2003-10-23,Cancelled,Ships,66
10167,S700_2610,46,70.11,3225.06,2003-10-23,Cancelled,Ships,72
10167,S72_1253,40,41.71,1668.4,2003-10-23,Cancelled,Planes,49
10167,S72_3212,38,48.59,1846.42,2003-10-23,Cancelled,Ships,54
10168,S10_1678,36,96.66,3479.76,2003-10-28,Shipped,Motorcycles,95
10168,S18_2581,21,70.96,1490.16,2003-10-28,Shipped,Planes,84
10168,S18_2625,46,61.18,2814.28,2003-10-28,Shipped,Motorcycles,60
10168,S24_2000,29,75.41,2186.89,2003-10-28,Shipped,Motorcycles,76
10168,S24_3949,27,73.02,1971.54,2003-10-28,Shipped,Planes,68
10168,S24_4278,48,78.25,3756.0,2003-10-28,Shipped,Planes,72
10168,S32_4289,31,73.61,2281.91,2003-10-28,Shipped,Vintage Cars,68
10168,S50_1341,48,51.93,2492.64,2003-10-28,Shipped,Vintage Cars,43
10168,S700_1691,28,98.65,2762.2,2003-10-28,Shipped,Planes,91
10168,S700_3167,48,96.0,4608.0,2003-10-28,Shipped,Planes,80
10168,S700_4002,39,82.91,3233.49,2003-10-28,Shipped,Planes,74
10169,S12_3990,36,63.84,2298.24,2003-11-04,Shipped,Classic Cars,79
10169,S18_3278,32,70.76,2264.32,2003-11-04,Shipped,Classic Cars,80
10169,S18_3782,38,68.39,2598.82,2003-11-04,Shipped,Motorcycles,62
10169,S24_2360,38,74.11,2816.18,2003-11-04,Shipped,Motorcycles,69
10169,S24_3371,34,50.21,1707.14,2003-11-04,Shipped,Classic Cars,61
10169,S24_4620,24,94.58,2269.92,2003-11-04,Shipped,Classic Cars,80
10169,S32_2206,26,39.83,1035.58,2003-11-04,Shipped,Motorcycles,40
10169,S50_4713,48,80.55,3866.4,2003-11-04,Shipped,Motorcycles,81
10170,S18_1889,20,63.14,1262.8,2003-11-04,Shipped,Classic Cars,77
10171,S24_2972,36,35.49,1277.64,2003-11-05,Shipped,Classic Cars,37
10172,S24_1046,32,75.69,2422.08,2003-11-05,Shipped,Classic Cars,73
10172,S24_1628,34,42.76,1453.84,2003-11-05,Shipped,Classic Cars,50
10172,S24_2766,22,74.51,1639.22,2003-11-05,Shipped,Classic Cars,90
10172,S24_3191,24,81.33,1951.92,2003-11-05,Shipped,Classic Cars,85
10172,S24_3432,22,98.51,2167.22,2003-11-05,Shipped,Classic Cars,107
10173,S18_1367,48,44.21,2122.08,2003-11-05,Shipped,Vintage Cars,53
10173,S18_2248,26,57.51,1495.26,2003-11-05,Shipped,Vintage Cars,60
10173,S18_2957,28,53.72,1504.16,2003-11-05,Shipped,Vintage Cars,62
10173,S18_3136,31,89.01,2759.31,2003-11-05,Shipped,Vintage Cars,104
10173,S18_3320,29,95.24,2761.96,2003-11-05,Shipped,Vintage Cars,99
10173,S18_4409,21,75.46,1584.66,2003-11-05,Shipped,Vintage Cars,92
10173,S18_4933,39,71.98,2807.22,2003-11-05,Shipped,Classic Cars,71
10173,S24_1937,31,31.53,977.43,2003-11-05,Shipped,Vintage Cars,33
10173,S24_2022,27,41.22,1112.94,2003-11-05,Shipped,Vintage Cars,44
10173,S24_3969,35,33.23,1163.05,2003-11-05,Shipped,Vintage Cars,41
10174,S18_1097,48,93.34,4480.32,2003-11-06,Shipped,Trucks and Buses,116
10174,S18_4668,49,44.78,2194.22,2003-11-06,Shipped,Vintage Cars,50
10175,S18_2432,41,69.28,2840.48,2003-11-06,Shipped,Trucks and Buses,60
10175,S24_2840,37,31.12,1151.44,2003-11-06,Shipped,Classic Cars,35
10175,S32_2509,50,63.31,3165.5,2003-11-06,Shipped,Trucks and Buses,54
10175,S32_3522,29,74.98,2174.42,2003-11-06,Shipped,Trucks and Buses,64
10175,S700_2824,42,85.98,3611.16,2003-11-06,Shipped,Classic Cars,101
10176,S24_1444,27,68.78,1857.06,2003-11-06,Shipped,Classic Cars,57
10176,S32_3207,22,64.0,1408.0,2003-11-06,Shipped,Trains,62
10176,S50_1514,38,64.44,2448.72,2003-11-06,Shipped,Trains,58
10177,S18_4522,35,74.6,2611.0,2003-11-07,Shipped,Vintage Cars,87
10177,S24_3151,45,72.58,3266.1,2003-11-07,Shipped,Vintage Cars,88
10177,S700_1138,24,76.0,1824.0,2003-11-07,Shipped,Ships,66
10177,S700_1938,31,88.34,2738.54,2003-11-07,Shipped,Ships,86
10177,S700_2610,32,76.62,2451.84,2003-11-07,Shipped,Ships,72
10177,S700_3505,44,92.16,4055.04,2003-11-07,Shipped,Ships,100
10177,S72_3212,40,50.23,2009.2,2003-11-07,Shipped,Ships,54
10178,S18_3029,41,81.72,3350.52,2003-11-08,Shipped,Ships,86
10178,S24_2841,34,80.84,2748.56,2003-11-08,Shipped,Planes,68
10178,S24_3420,27,73.64,1988.28,2003-11-08,Shipped,Vintage Cars,65
10178,S24_3816,21,72.12,1514.52,2003-11-08,Shipped,Vintage Cars,83
10178,S24_3949,30,72.33,2169.9,2003-11-08,Shipped,Planes,68
10178,S700_2047,34,96.86,3293.24,2003-11-08,Shipped,Ships,90
10178,S700_2466,22,87.75,1930.5,2003-11-08,Shipped,Planes,99
10178,S700_4002,45,76.25,3431.25,2003-11-08,Shipped,Planes,74
10178,S72_1253,45,51.15,2301.75,2003-11-08,Shipped,Planes,49
10180,S10_1678,29,86.13,2497.77,2003-11-11,Shipped,Motorcycles,95
10180,S18_2625,25,64.2,1605.0,2003-11-11,Shipped,Motorcycles,60
10180,S18_3782,21,50.36,1057.56,2003-11-11,Shipped,Motorcycles,62
10180,S24_2000,28,68.55,1919.4,2003-11-11,Shipped,Motorcycles,76
10180,S24_2360,35,72.03,2521.05,2003-11-11,Shipped,Motorcycles,69
10180,S24_4620,28,71.14,1991.92,2003-11-11,Shipped,Classic Cars,80
10180,S32_2206,34,45.46,1545.64,2003-11-11,Shipped,Motorcycles,40
10180,S50_4713,21,93.56,1964.76,2003-11-11,Shipped,Motorcycles,81
10181,S12_3990,20,81.4,1628.0,2003-11-12,Shipped,Classic Cars,79
10181,S18_1889,22,73.92,1626.24,2003-11-12,Shipped,Classic Cars,77
10181,S18_3278,30,82.82,2484.6,2003-11-12,Shipped,Classic Cars,80
10181,S24_1628,34,53.83,1830.22,2003-11-12,Shipped,Classic Cars,50
10181,S24_2972,37,42.67,1578.79,2003-11-12,Shipped,Classic Cars,37
10181,S24_3371,23,65.52,1506.96,2003-11-12,Shipped,Classic Cars,61
10182,S18_1342,25,87.33,2183.25,2003-11-12,Shipped,Vintage Cars,102
10182,S18_1367,32,54.45,1742.4,2003-11-12,Shipped,Vintage Cars,53
10182,S18_2248,38,61.15,2323.7,2003-11-12,Shipped,Vintage Cars,60
10182,S18_3320,33,86.31,2848.23,2003-11-12,Shipped,Vintage Cars,99
10182,S18_4933,44,69.84,3072.96,2003-11-12,Shipped,Classic Cars,71
10182,S24_1046,47,74.22,3488.34,2003-11-12,Shipped,Classic Cars,73
10182,S24_1937,39,36.84,1436.76,2003-11-12,Shipped,Vintage Cars,33
10182,S24_2022,31,36.74,1138.94,2003-11-12,Shipped,Vintage Cars,44
10182,S24_2766,36,73.6,2649.6,2003-11-12,Shipped,Classic Cars,90
10182,S24_3191,33,94.17,3107.61,2003-11-12,Shipped,Classic Cars,85
10182,S24_3969,23,42.26,971.98,2003-11-12,Shipped,Vintage Cars,41
10183,S18_1097,21,96.84,2033.64,2003-11-13,Shipped,Trucks and Buses,116
10183,S18_2949,37,89.15,3298.55,2003-11-13,Shipped,Vintage Cars,101
10183,S18_2957,39,68.08,2655.12,2003-11-13,Shipped,Vintage Cars,62
10183,S18_4668,40,49.3,1972.0,2003-11-13,Shipped,Vintage Cars,50
10183,S32_3522,49,64.64,3167.36,2003-11-13,Shipped,Trucks and Buses,64
10183,S700_2824,23,86.99,2000.77,2003-11-13,Shipped,Classic Cars,101
10184,S18_2432,44,60.16,2647.04,2003-11-14,Shipped,Trucks and Buses,60
10184,S24_1444,31,60.11,1863.41,2003-11-14,Shipped,Classic Cars,57
10184,S24_2840,42,31.82,1336.44,2003-11-14,Shipped,Classic Cars,35
10184,S32_2509,33,62.77,2071.41,2003-11-14,Shipped,Trucks and Buses,54
10184,S32_3207,48,50.95,2445.6,2003-11-14,Shipped,Trains,62
10185,S18_3259,49,80.67,3952.83,2003-11-14,Shipped,Trains,100
10185,S18_4522,47,77.24,3630.28,2003-11-14,Shipped,Vintage Cars,87
10185,S24_3151,33,74.35,2453.55,2003-11-14,Shipped,Vintage Cars,88
10185,S50_1514,20,48.62,972.4,2003-11-14,Shipped,Trains,58
10185,S700_1138,21,54.0,1134.0,2003-11-14,Shipped,Ships,66
10185,S700_1938,30,94.4,2832.0,2003-11-14,Shipped,Ships,86
10185,S700_2610,39,57.82,2254.98,2003-11-14,Shipped,Ships,72
10185,S700_3962,22,79.45,1747.9,2003-11-14,Shipped,Ships,99
10185,S72_3212,28,64.43,1804.04,2003-11-14,Shipped,Ships,54
10186,S18_3029,32,89.46,2862.72,2003-11-14,Shipped,Ships,86
10186,S24_2841,22,69.2,1522.4,2003-11-14,Shipped,Planes,68
10186,S24_3420,21,69.04,1449.84,2003-11-14,Shipped,Vintage Cars,65
10186,S24_3816,36,85.54,3079.44,2003-11-14,Shipped,Vintage Cars,83
10186,S700_2047,24,99.57,2389.68,2003-11-14,Shipped,Ships,90
10186,S72_1253,28,52.14,1459.92,2003-11-14,Shipped,Planes,49
10188,S10_2016,38,96.34,3660.92,2003-11-18,Shipped,Motorcycles,118
10188,S18_2625,32,65.42,2093.44,2003-11-18,Shipped,Motorcycles,60
10188,S24_2000,40,91.4,3656.0,2003-11-18,Shipped,Motorcycles,76
10188,S32_1374,44,98.89,4351.16,2003-11-18,Shipped,Motorcycles,99
10190,S24_2360,42,76.19,3199.98,2003-11-19,Shipped,Motorcycles,69
10190,S32_2206,46,32.99,1517.54,2003-11-19,Shipped,Motorcycles,40
10190,S32_4485,42,85.72,3600.24,2003-11-19,Shipped,Motorcycles,102
10190,S50_4713,40,66.72,2668.8,2003-11-19,Shipped,Motorcycles,81
10191,S12_3990,30,64.64,1939.2,2003-11-20,Shipped,Classic Cars,79
10191,S18_3278,36,94.88,3415.68,2003-11-20,Shipped,Classic Cars,80
10191,S18_3782,43,72.74,3127.82,2003-11-20,Shipped,Motorcycles,62
10191,S24_3371,48,60.01,2880.48,2003-11-20,Shipped,Classic Cars,61
10191,S24_4620,44,66.29,2916.76,2003-11-20,Shipped,Classic Cars,80
10192,S18_1889,45,90.86,4088.7,2003-11-20,Shipped,Classic Cars,77
10192,S24_1046,37,69.82,2583.34,2003-11-20,Shipped,Classic Cars,73
10192,S24_1628,47,53.83,2530.01,2003-11-20,Shipped,Classic Cars,50
10192,S24_2766,46,83.6,3845.6,2003-11-20,Shipped,Classic Cars,90
10192,S24_2972,30,30.59,917.7,2003-11-20,Shipped,Classic Cars,37
10192,S24_3191,32,72.77,2328.64,2003-11-20,Shipped,Classic Cars,85
10193,S18_1367,46,53.37,2455.02,2003-11-21,Shipped,Vintage Cars,53
10193,S18_2248,42,59.33,2491.86,2003-11-21,Shipped,Vintage Cars,60
10193,S18_2949,28,93.21,2609.88,2003-11-21,Shipped,Vintage Cars,101
10193,S18_2957,24,51.84,1244.16,2003-11-21,Shipped,Vintage Cars,62
10193,S18_3320,32,79.37,2539.84,2003-11-21,Shipped,Vintage Cars,99
10193,S18_4409,24,97.55,2341.2,2003-11-21,Shipped,Vintage Cars,92
10193,S18_4933,25,76.26,1906.5,2003-11-21,Shipped,Classic Cars,71
10193,S24_1937,26,29.21,759.46,2003-11-21,Shipped,Vintage Cars,33
10193,S24_2022,20,50.62,1012.4,2003-11-21,Shipped,Vintage Cars,44
10193,S24_3969,22,41.03,902.66,2003-11-21,Shipped,Vintage Cars,41
10194,S18_1097,21,93.34,1960.14,2003-11-25,Shipped,Trucks and Buses,116
10194,S18_2432,45,70.49,3172.05,2003-11-25,Shipped,Trucks and Buses,60
10194,S18_4668,41,44.78,1835.98,2003-11-25,Shipped,Vintage Cars,50
10194,S32_1268,37,97.27,3598.99,2003-11-25,Shipped,Trucks and Buses,96
10194,S32_3522,39,54.94,2142.66,2003-11-25,Shipped,Trucks and Buses,64
10194,S700_2824,26,89.01,2314.26,2003-11-25,Shipped,Classic Cars,101
10195,S24_1444,44,66.47,2924.68,2003-11-25,Shipped,Classic Cars,57
10195,S24_2840,32,28.29,905.28,2003-11-25,Shipped,Classic Cars,35
10195,S32_2509,32,43.29,1385.28,2003-11-25,Shipped,Trucks and Buses,54
10195,S32_3207,33,54.68,1804.44,2003-11-25,Shipped,Trains,62
10196,S50_1514,46,62.09,2856.14,2003-11-26,Shipped,Trains,58
10196,S700_1938,50,94.4,4720.0,2003-11-26,Shipped,Ships,86
10197,S18_3029,46,87.74,4036.04,2003-11-26,Shipped,Ships,86
10197,S24_3151,47,83.2,3910.4,2003-11-26,Shipped,Vintage Cars,88
10197,S24_3816,22,86.38,1900.36,2003-11-26,Shipped,Vintage Cars,83
10197,S700_1138,23,64.67,1487.41,2003-11-26,Shipped,Ships,66
10197,S700_2047,24,90.52,2172.48,2003-11-26,Shipped,Ships,90
10197,S700_2610,50,78.79,3939.5,2003-11-26,Shipped,Ships,72
10197,S700_3505,27,92.16,2488.32,2003-11-26,Shipped,Ships,100
10197,S700_3962,35,93.35,3267.25,2003-11-26,Shipped,Ships,99
10197,S72_1253,29,41.71,1209.59,2003-11-26,Shipped,Planes,49
10197,S72_3212,42,50.23,2109.66,2003-11-26,Shipped,Ships,54
10198,S24_2841,48,67.82,3255.36,2003-11-27,Shipped,Planes,68
10198,S24_3420,27,71.67,1935.09,2003-11-27,Shipped,Vintage Cars,65
10198,S24_3949,43,66.19,2846.17,2003-11-27,Shipped,Planes,68
10198,S700_4002,40,63.67,2546.8,2003-11-27,Shipped,Planes,74
10199,S50_1341,29,38.4,1113.6,2003-12-01,Shipped,Vintage Cars,43
10199,S700_1691,48,83.12,3989.76,2003-12-01,Shipped,Planes,91
10199,S700_3167,38,82.4,3131.2,2003-12-01,Shipped,Planes,80
10201,S10_1678,22,98.57,2168.54,2003-12-01,Shipped,Motorcycles,95
10201,S18_2625,30,64.81,1944.3,2003-12-01,Shipped,Motorcycles,60
10201,S24_2000,25,73.88,1847.0,2003-12-01,Shipped,Motorcycles,76
10203,S12_3990,44,82.99,3651.56,2003-12-02,Shipped,Classic Cars,79
10203,S18_1889,45,85.47,3846.15,2003-12-02,Shipped,Classic Cars,77
10203,S18_3278,33,86.04,2839.32,2003-12-02,Shipped,Classic Cars,80
10203,S24_2972,21,37.0,777.0,2003-12-02,Shipped,Classic Cars,37
10203,S24_3371,34,64.9,2206.6,2003-12-02,Shipped,Classic Cars,61
10204,S18_2248,23,71.44,1643.12,2003-12-02,Shipped,Vintage Cars,60
10204,S18_4409,29,85.59,2482.11,2003-12-02,Shipped,Vintage Cars,92
10204,S18_4933,45,76.26,3431.7,2003-12-02,Shipped,Classic Cars,71
10204,S24_1046,20,62.47,1249.4,2003-12-02,Shipped,Classic Cars,73
10204,S24_1628,45,49.81,2241.45,2003-12-02,Shipped,Classic Cars,50
10204,S24_2766,47,96.32,4527.04,2003-12-02,Shipped,Classic Cars,90
10204,S24_3191,40,79.62,3184.8,2003-12-02,Shipped,Classic Cars,85
10204,S24_3432,48,91.02,4368.96,2003-12-02,Shipped,Classic Cars,107
10204,S24_3969,39,33.23,1295.97,2003-12-02,Shipped,Vintage Cars,41
10205,S18_1367,48,63.61,3053.28,2003-12-03,Shipped,Vintage Cars,53
10205,S24_1937,32,37.17,1189.44,2003-12-03,Shipped,Vintage Cars,33
10205,S24_2022,24,38.08,913.92,2003-12-03,Shipped,Vintage Cars,44
10206,S18_2949,37,90.17,3336.29,2003-12-05,Shipped,Vintage Cars,101
10206,S18_2957,28,67.46,1888.88,2003-12-05,Shipped,Vintage Cars,62
10206,S18_3320,28,87.3,2444.4,2003-12-05,Shipped,Vintage Cars,99
10206,S18_4668,21,53.33,1119.93,2003-12-05,Shipped,Vintage Cars,50
10206,S24_4258,33,97.39,3213.87,2003-12-05,Shipped,Vintage Cars,97
10206,S32_3522,36,58.82,2117.52,2003-12-05,Shipped,Trucks and Buses,64
10207,S12_4473,34,99.54,3384.36,2003-12-09,Shipped,Trucks and Buses,118
10207,S18_2432,37,69.89,2585.93,2003-12-09,Shipped,Trucks and Buses,60
10207,S24_1444,49,46.82,2294.18,2003-12-09,Shipped,Classic Cars,57
10207,S24_2840,42,29.7,1247.4,2003-12-09,Shipped,Classic Cars,35
10207,S32_1268,49,80.9,3964.1,2003-12-09,Shipped,Trucks and Buses,96
10207,S32_2509,27,60.06,1621.62,2003-12-09,Shipped,Trucks and Buses,54
10207,S32_3207,45,56.55,2544.75,2003-12-09,Shipped,Trains,62
10207,S50_1392,28,94.92,2657.76,2003-12-09,Shipped,Trucks and Buses,115
10300,S12_3990,22,76.61,1685.42,2003-10-04,Shipped,Classic Cars,79
10300,S18_1889,41,92.4,3788.4,2003-10-04,Shipped,Classic Cars,77
10300,S18_3278,49,78.8,3861.2,2003-10-04,Shipped,Classic Cars,80
10300,S24_3371,31,58.78,1822.18,2003-10-04,Shipped,Classic Cars,61
10301,S24_1046,27,72.02,1944.54,2003-10-05,Shipped,Classic Cars,73
10301,S24_1628,22,51.32,1129.04,2003-10-05,Shipped,Classic Cars,50
10301,S24_2972,48,34.36,1649.28,2003-10-05,Shipped,Classic Cars,37
10301,S24_3432,22,96.37,2120.14,2003-10-05,Shipped,Classic Cars,107
10302,S18_4409,38,89.27,3392.26,2003-10-06,Shipped,Vintage Cars,92
10302,S18_4933,23,72.7,1672.1,2003-10-06,Shipped,Classic Cars,71
10302,S24_3191,48,74.48,3575.04,2003-10-06,Shipped,Classic Cars,85
